"frame","xmin","xmax","ymin","ymax","class_id"
"00001.jpg",89,164,95,126,1
"00001.jpg",104,132,109,144,2
"00001.jpg",96,143,146,165,3
"00002.jpg",97,159,97,123,1
"00002.jpg",115,138,106,145,2
"00002.jpg",108,138,154,172,3
"00003.jpg",91,161,97,117,1
"00003.jpg",112,135,107,142,2
"00003.jpg",104,145,153,163,3
"00004.jpg",88,155,102,122,1
"00004.jpg",110,137,113,147,2
"00004.jpg",106,146,151,163,3
"00005.jpg",94,163,100,128,1
"00005.jpg",117,141,115,148,2
"00005.jpg",121,150,156,169,3
"00006.jpg",100,156,101,125,1
"00006.jpg",116,135,109,139,2
"00006.jpg",107,140,148,160,3
"00007.jpg",93,169,96,118,1
"00007.jpg",120,141,108,141,2
"00007.jpg",112,144,147,167,3
"00008.jpg",90,160,93,123,1
"00008.jpg",116,142,108,144,2
"00008.jpg",110,150,149,162,3
"00009.jpg",88,169,95,131,1
"00009.jpg",107,137,107,159,2
"00009.jpg",97,136,162,183,3
"00010.jpg",81,163,94,127,1
"00010.jpg",111,137,108,143,2
"00010.jpg",113,152,150,168,3
"00011.jpg",90,160,103,122,1
"00011.jpg",115,138,112,150,2
"00011.jpg",108,145,158,170,3
"00012.jpg",84,163,93,118,1
"00012.jpg",105,137,105,145,2
"00012.jpg",100,140,155,174,3
"00013.jpg",90,160,102,123,1
"00013.jpg",112,135,113,143,2
"00013.jpg",104,143,152,174,3
"00014.jpg",92,166,96,118,1
"00014.jpg",115,137,113,142,2
"00014.jpg",103,136,147,165,3
"00015.jpg",93,159,100,124,1
"00015.jpg",115,139,108,144,2
"00015.jpg",109,140,153,172,3
"00016.jpg",94,161,98,124,1
"00016.jpg",111,134,116,145,2
"00016.jpg",108,143,154,172,3
"00017.jpg",92,168,102,123,1
"00017.jpg",116,139,111,143,2
"00017.jpg",105,148,152,169,3
"00018.jpg",92,160,98,123,1
"00018.jpg",118,137,111,141,2
"00018.jpg",110,143,150,161,3
"00019.jpg",95,159,105,125,1
"00019.jpg",115,139,115,144,2
"00019.jpg",110,149,152,167,3
"00020.jpg",89,162,94,121,1
"00020.jpg",112,136,103,141,2
"00020.jpg",105,147,150,165,3
"00021.jpg",93,162,96,122,1
"00021.jpg",114,143,103,143,2
"00021.jpg",106,147,148,183,3
"00022.jpg",81,161,97,120,1
"00022.jpg",117,140,111,143,2
"00022.jpg",108,147,153,167,3
"00023.jpg",92,162,96,119,1
"00023.jpg",113,141,111,141,2
"00023.jpg",109,147,149,163,3
"00024.jpg",92,161,95,120,1
"00024.jpg",115,137,106,136,2
"00024.jpg",113,144,147,166,3
"00025.jpg",86,163,99,122,1
"00025.jpg",110,136,111,144,2
"00025.jpg",101,150,149,171,3
"00026.jpg",93,160,95,128,1
"00026.jpg",117,151,112,147,2
"00026.jpg",120,160,145,165,3
"00027.jpg",92,161,89,121,1
"00027.jpg",110,137,103,138,2
"00027.jpg",102,141,142,168,3
"00028.jpg",91,166,98,125,1
"00028.jpg",118,148,112,152,2
"00028.jpg",124,171,146,171,3
"00029.jpg",90,164,99,127,1
"00029.jpg",105,135,111,146,2
"00029.jpg",103,144,152,166,3
"00030.jpg",93,172,97,125,1
"00030.jpg",114,145,104,145,2
"00030.jpg",114,152,154,180,3
"00031.jpg",89,163,95,124,1
"00031.jpg",118,141,101,139,2
"00031.jpg",113,146,148,169,3
"00032.jpg",93,161,100,126,1
"00032.jpg",115,144,112,141,2
"00032.jpg",108,154,149,164,3
"00033.jpg",93,164,95,121,1
"00033.jpg",115,141,111,141,2
"00033.jpg",108,153,144,163,3
"00034.jpg",91,161,99,124,1
"00034.jpg",118,139,107,144,2
"00034.jpg",116,152,151,169,3
"00035.jpg",89,167,97,124,1
"00035.jpg",111,141,109,149,2
"00035.jpg",107,151,159,178,3
"00036.jpg",94,160,99,117,1
"00036.jpg",112,139,102,141,2
"00036.jpg",106,149,154,163,3
"00037.jpg",98,160,96,125,1
"00037.jpg",114,136,107,142,2
"00037.jpg",105,136,147,167,3
"00038.jpg",84,169,96,123,1
"00038.jpg",112,150,110,144,2
"00038.jpg",112,155,157,179,3
"00039.jpg",85,170,96,121,1
"00039.jpg",111,142,109,141,2
"00039.jpg",102,151,146,164,3
"00040.jpg",91,172,98,122,1
"00040.jpg",107,138,104,152,2
"00040.jpg",102,155,157,179,3
"00041.jpg",88,168,98,125,1
"00041.jpg",110,144,104,149,2
"00041.jpg",99,144,152,166,3
"00042.jpg",91,163,90,123,1
"00042.jpg",109,142,105,142,2
"00042.jpg",99,144,148,167,3
"00043.jpg",97,158,101,121,1
"00043.jpg",111,134,109,142,2
"00043.jpg",110,142,152,167,3
"00044.jpg",92,165,88,116,1
"00044.jpg",112,144,106,147,2
"00044.jpg",102,148,155,168,3
"00045.jpg",97,161,98,118,1
"00045.jpg",116,139,107,139,2
"00045.jpg",104,150,150,164,3
"00046.jpg",87,159,97,122,1
"00046.jpg",119,142,109,145,2
"00046.jpg",106,146,152,168,3
"00047.jpg",93,161,98,118,1
"00047.jpg",116,145,109,138,2
"00047.jpg",104,152,145,163,3
"00048.jpg",93,164,102,124,1
"00048.jpg",112,137,107,141,2
"00048.jpg",105,139,145,167,3
"00049.jpg",96,158,97,122,1
"00049.jpg",114,140,112,147,2
"00049.jpg",106,143,156,170,3
"00050.jpg",91,167,101,121,1
"00050.jpg",115,142,110,150,2
"00050.jpg",109,147,161,171,3
"00051.jpg",96,164,107,122,1
"00051.jpg",121,147,117,150,2
"00051.jpg",118,160,154,166,3
"00052.jpg",87,160,98,122,1
"00052.jpg",111,137,112,145,2
"00052.jpg",107,149,155,167,3
"00053.jpg",90,166,99,124,1
"00053.jpg",118,142,112,144,2
"00053.jpg",111,147,154,164,3
"00054.jpg",91,169,96,118,1
"00054.jpg",114,142,106,145,2
"00054.jpg",104,151,152,171,3
"00055.jpg",85,165,94,119,1
"00055.jpg",112,140,107,150,2
"00055.jpg",100,142,153,171,3
"00056.jpg",85,166,94,125,1
"00056.jpg",112,141,107,145,2
"00056.jpg",116,151,150,166,3
"00057.jpg",101,180,96,120,1
"00057.jpg",114,145,111,147,2
"00057.jpg",115,162,153,170,3
"00058.jpg",82,162,94,123,1
"00058.jpg",113,142,107,145,2
"00058.jpg",111,153,152,172,3
"00059.jpg",87,159,102,121,1
"00059.jpg",114,138,111,144,2
"00059.jpg",107,147,151,163,3
"00060.jpg",84,156,95,129,1
"00060.jpg",114,144,108,144,2
"00060.jpg",115,150,149,165,3
"00061.jpg",93,168,93,129,1
"00061.jpg",109,138,99,142,2
"00061.jpg",97,137,147,162,3
"00062.jpg",90,166,91,122,1
"00062.jpg",115,148,108,153,2
"00062.jpg",98,153,156,180,3
"00063.jpg",83,166,95,132,1
"00063.jpg",116,143,108,143,2
"00063.jpg",116,153,152,166,3
"00064.jpg",103,156,108,124,1
"00064.jpg",119,141,114,143,2
"00064.jpg",108,145,147,168,3
"00065.jpg",97,161,92,126,1
"00065.jpg",110,138,103,145,2
"00065.jpg",100,136,147,168,3
"00066.jpg",93,168,98,126,1
"00066.jpg",118,145,110,144,2
"00066.jpg",120,158,146,160,3
"00067.jpg",88,158,96,126,1
"00067.jpg",117,147,105,150,2
"00067.jpg",109,148,157,170,3
"00068.jpg",90,162,99,124,1
"00068.jpg",112,138,109,146,2
"00068.jpg",108,145,157,176,3
"00069.jpg",88,162,92,126,1
"00069.jpg",114,143,107,146,2
"00069.jpg",108,154,155,170,3
"00070.jpg",92,158,102,122,1
"00070.jpg",112,136,110,143,2
"00070.jpg",101,145,150,161,3
"00071.jpg",87,161,101,120,1
"00071.jpg",109,140,112,147,2
"00071.jpg",100,141,150,164,3
"00072.jpg",89,157,99,122,1
"00072.jpg",113,142,108,146,2
"00072.jpg",107,149,152,170,3
"00073.jpg",100,166,98,129,1
"00073.jpg",123,151,107,148,2
"00073.jpg",108,146,157,171,3
"00074.jpg",96,162,92,125,1
"00074.jpg",110,136,105,144,2
"00074.jpg",97,141,145,163,3
"00075.jpg",91,163,96,122,1
"00075.jpg",118,146,108,145,2
"00075.jpg",116,148,153,166,3
"00076.jpg",95,155,95,121,1
"00076.jpg",117,142,107,143,2
"00076.jpg",114,152,149,167,3
"00077.jpg",90,168,96,121,1
"00077.jpg",112,139,106,152,2
"00077.jpg",106,150,158,176,3
"00078.jpg",90,161,97,118,1
"00078.jpg",114,141,108,143,2
"00078.jpg",104,147,150,165,3
"00079.jpg",94,164,94,122,1
"00079.jpg",109,141,112,144,2
"00079.jpg",103,146,146,164,3
"00080.jpg",77,163,99,124,1
"00080.jpg",112,140,111,144,2
"00080.jpg",100,143,153,167,3
"00080.jpg",227,249,116,148,2
"00081.jpg",88,157,99,118,1
"00081.jpg",107,135,109,142,2
"00081.jpg",100,152,143,161,3
"00082.jpg",89,161,96,121,1
"00082.jpg",112,138,110,141,2
"00082.jpg",104,144,148,159,3
"00083.jpg",91,162,94,125,1
"00083.jpg",112,141,108,142,2
"00083.jpg",111,156,146,165,3
"00084.jpg",93,159,102,121,1
"00084.jpg",115,141,112,146,2
"00084.jpg",109,150,151,168,3
"00085.jpg",90,165,104,127,1
"00085.jpg",110,137,109,146,2
"00085.jpg",103,144,149,162,3
"00086.jpg",90,158,98,127,1
"00086.jpg",106,137,114,154,2
"00086.jpg",105,151,157,170,3
"00087.jpg",93,155,108,130,1
"00087.jpg",108,132,120,153,2
"00087.jpg",102,136,158,170,3
"00088.jpg",88,161,97,123,1
"00088.jpg",117,143,111,146,2
"00088.jpg",111,157,152,189,3
"00089.jpg",100,159,101,115,1
"00089.jpg",114,139,108,142,2
"00089.jpg",112,155,141,158,3
"00090.jpg",96,161,97,127,1
"00090.jpg",110,135,112,143,2
"00090.jpg",98,143,142,163,3
"00091.jpg",86,160,91,126,1
"00091.jpg",106,137,102,145,2
"00091.jpg",105,156,152,165,3
"00092.jpg",90,158,97,117,1
"00092.jpg",115,138,109,142,2
"00092.jpg",111,136,150,165,3
"00093.jpg",89,155,93,120,1
"00093.jpg",115,137,110,143,2
"00093.jpg",108,147,151,164,3
"00094.jpg",90,164,97,123,1
"00094.jpg",115,144,112,144,2
"00094.jpg",106,150,152,169,3
"00095.jpg",87,165,94,121,1
"00095.jpg",113,144,104,144,2
"00095.jpg",109,147,149,165,3
"00096.jpg",100,164,97,120,1
"00096.jpg",125,153,111,142,2
"00096.jpg",116,154,149,163,3
"00097.jpg",81,162,100,124,1
"00097.jpg",107,134,111,145,2
"00097.jpg",97,151,149,170,3
"00098.jpg",89,156,99,123,1
"00098.jpg",118,143,105,143,2
"00098.jpg",111,154,150,166,3
"00099.jpg",82,162,99,123,1
"00099.jpg",105,140,108,144,2
"00099.jpg",96,147,153,165,3
"00100.jpg",90,150,91,112,1
"00100.jpg",99,120,97,124,2
"00100.jpg",92,117,129,143,3
"00101.jpg",88,164,95,122,1
"00101.jpg",111,138,108,142,2
"00101.jpg",102,148,150,168,3
"00101.jpg",184,223,85,98,1
"00101.jpg",195,212,93,117,2
"00101.jpg",188,216,118,127,3
"00102.jpg",91,167,105,122,1
"00102.jpg",112,143,114,151,2
"00102.jpg",106,150,157,177,3
"00103.jpg",92,158,98,121,1
"00103.jpg",116,142,107,147,2
"00103.jpg",100,145,148,162,3
"00104.jpg",92,159,96,124,1
"00104.jpg",111,140,110,145,2
"00104.jpg",103,149,150,165,3
"00105.jpg",96,167,94,124,1
"00105.jpg",109,135,108,147,2
"00105.jpg",103,143,153,170,3
"00106.jpg",88,160,94,122,2
"00106.jpg",114,145,116,148,2
"00106.jpg",105,152,152,171,3
"00107.jpg",89,164,97,122,1
"00107.jpg",114,140,108,139,2
"00107.jpg",102,149,146,162,3
"00108.jpg",88,165,94,121,1
"00108.jpg",113,143,107,144,2
"00108.jpg",103,156,148,180,3
"00109.jpg",87,171,94,127,1
"00109.jpg",106,143,111,142,2
"00109.jpg",103,155,153,176,3
"00110.jpg",91,162,97,123,1
"00110.jpg",115,140,109,148,2
"00110.jpg",102,142,150,177,3
"00110.jpg",167,212,107,140,1
"00110.jpg",157,181,123,150,2
"00110.jpg",155,182,152,170,3
"00111.jpg",85,164,96,123,1
"00111.jpg",112,138,110,148,2
"00111.jpg",105,144,156,172,3
"00112.jpg",88,161,97,123,1
"00112.jpg",116,144,108,145,2
"00112.jpg",98,147,149,169,3
"00113.jpg",87,160,98,123,1
"00113.jpg",118,142,110,142,2
"00113.jpg",111,149,153,167,3
"00114.jpg",91,159,98,128,1
"00114.jpg",116,143,112,145,2
"00114.jpg",110,158,150,166,3
"00115.jpg",87,163,92,123,1
"00115.jpg",112,144,104,141,2
"00115.jpg",106,158,147,165,3
"00116.jpg",89,159,98,124,1
"00116.jpg",118,150,111,146,2
"00116.jpg",110,148,150,173,3
"00117.jpg",91,163,92,121,1
"00117.jpg",118,148,107,142,2
"00117.jpg",113,151,152,170,3
"00118.jpg",87,161,102,120,1
"00118.jpg",114,140,111,146,2
"00118.jpg",111,148,153,168,3
"00119.jpg",95,159,103,125,1
"00119.jpg",110,135,113,141,2
"00119.jpg",102,146,144,160,3
"00120.jpg",80,169,93,124,1
"00120.jpg",111,147,109,144,2
"00120.jpg",108,157,148,164,3
"00121.jpg",89,157,97,119,1
"00121.jpg",109,134,112,139,2
"00121.jpg",100,146,143,162,3
"00122.jpg",95,176,80,113,1
"00122.jpg",108,139,94,137,2
"00122.jpg",109,156,144,171,3
"00123.jpg",90,155,96,123,1
"00123.jpg",104,133,105,140,2
"00123.jpg",101,144,149,163,3
"00124.jpg",90,164,100,125,1
"00124.jpg",112,143,111,154,2
"00124.jpg",98,146,156,175,3
"00125.jpg",86,165,98,120,1
"00125.jpg",115,140,114,146,2
"00125.jpg",105,150,152,168,3
"00126.jpg",85,157,97,124,1
"00126.jpg",106,134,109,146,2
"00126.jpg",105,147,151,165,3
"00127.jpg",92,161,97,123,1
"00127.jpg",112,141,113,148,2
"00127.jpg",111,146,156,174,3
"00128.jpg",88,167,99,121,1
"00128.jpg",111,140,109,151,2
"00128.jpg",102,148,153,170,3
"00129.jpg",92,158,102,125,1
"00129.jpg",110,134,107,146,2
"00129.jpg",106,141,154,168,3
"00130.jpg",92,160,92,119,1
"00130.jpg",119,145,108,143,2
"00130.jpg",116,149,151,166,3
"00131.jpg",86,154,96,118,1
"00131.jpg",113,139,110,143,2
"00131.jpg",110,148,152,167,3
"00132.jpg",87,172,92,120,1
"00132.jpg",112,145,112,148,2
"00132.jpg",106,152,149,168,3
"00133.jpg",95,167,93,129,1
"00133.jpg",113,137,107,146,2
"00133.jpg",101,137,150,168,3
"00134.jpg",87,166,95,125,1
"00134.jpg",111,141,109,146,2
"00134.jpg",99,147,151,174,3
"00135.jpg",98,159,96,119,1
"00135.jpg",115,140,101,139,2
"00135.jpg",104,142,147,178,3
"00136.jpg",92,162,95,121,1
"00136.jpg",112,137,109,147,2
"00136.jpg",106,142,151,167,3
"00137.jpg",90,158,102,122,1
"00137.jpg",115,139,111,147,2
"00137.jpg",115,143,157,171,3
"00138.jpg",86,167,97,125,1
"00138.jpg",107,142,109,145,2
"00138.jpg",99,156,151,173,3
"00139.jpg",88,183,92,130,1
"00139.jpg",104,150,105,151,2
"00139.jpg",95,166,159,188,3
"00140.jpg",86,163,95,124,1
"00140.jpg",109,140,108,148,2
"00140.jpg",104,144,152,165,3
"00141.jpg",99,170,91,126,1
"00141.jpg",116,142,107,143,2
"00141.jpg",107,143,147,167,3
"00142.jpg",95,160,97,122,1
"00142.jpg",108,138,114,152,2
"00142.jpg",110,148,159,174,3
"00143.jpg",91,166,99,120,1
"00143.jpg",113,143,114,145,2
"00143.jpg",103,147,147,171,3
"00144.jpg",83,165,91,124,1
"00144.jpg",105,140,107,146,2
"00144.jpg",99,143,152,173,3
"00145.jpg",89,166,96,121,1
"00145.jpg",111,151,114,142,2
"00145.jpg",107,158,149,171,3
"00146.jpg",84,162,95,124,1
"00146.jpg",111,147,106,148,2
"00146.jpg",105,153,160,183,3
"00147.jpg",94,167,91,127,1
"00147.jpg",108,135,103,145,2
"00147.jpg",100,143,150,170,3
"00148.jpg",93,164,99,126,1
"00148.jpg",114,146,112,148,2
"00148.jpg",106,156,153,168,3
"00149.jpg",91,159,93,127,1
"00149.jpg",108,137,106,148,2
"00149.jpg",97,143,146,161,3
"00150.jpg",88,161,95,119,1
"00150.jpg",112,144,105,144,2
"00150.jpg",110,149,150,168,3
"00151.jpg",97,157,102,125,1
"00151.jpg",119,143,116,145,2
"00151.jpg",111,149,151,167,3
"00151.jpg",223,249,151,176,2
"00152.jpg",88,161,99,120,1
"00152.jpg",113,139,109,144,2
"00152.jpg",106,151,145,161,3
"00153.jpg",94,161,96,125,1
"00153.jpg",111,137,109,144,2
"00153.jpg",104,148,147,170,3
"00154.jpg",91,160,96,122,1
"00154.jpg",115,139,111,141,2
"00154.jpg",108,154,143,161,3
"00155.jpg",87,164,97,124,1
"00155.jpg",112,138,112,147,2
"00155.jpg",104,153,152,169,3
"00156.jpg",99,160,99,124,1
"00156.jpg",111,140,112,145,2
"00156.jpg",104,146,145,166,3
"00157.jpg",87,164,96,128,1
"00157.jpg",113,147,112,148,2
"00157.jpg",110,161,151,167,3
"00158.jpg",86,162,92,126,1
"00158.jpg",118,147,112,145,2
"00158.jpg",112,160,144,166,3
"00159.jpg",94,158,99,125,1
"00159.jpg",122,144,110,145,2
"00159.jpg",117,146,155,170,3
"00159.jpg",1,26,85,128,2
"00160.jpg",82,161,98,127,1
"00160.jpg",113,145,112,145,2
"00160.jpg",111,157,152,173,3
"00160.jpg",177,204,67,106,2
"00160.jpg",174,208,113,128,3
"00161.jpg",78,157,98,125,1
"00161.jpg",117,142,107,141,2
"00161.jpg",113,151,146,161,3
"00162.jpg",84,163,96,126,1
"00162.jpg",114,142,112,152,2
"00162.jpg",108,149,155,167,3
"00163.jpg",79,161,97,125,1
"00163.jpg",116,142,110,149,2
"00163.jpg",104,144,156,172,3
"00164.jpg",89,164,98,119,1
"00164.jpg",115,142,111,143,2
"00164.jpg",106,151,151,163,3
"00165.jpg",85,160,98,122,1
"00165.jpg",108,137,111,148,2
"00165.jpg",101,144,157,171,3
"00166.jpg",83,166,97,121,1
"00166.jpg",111,141,107,143,2
"00166.jpg",101,155,147,167,3
"00167.jpg",80,159,95,126,1
"00167.jpg",114,143,104,149,2
"00167.jpg",109,152,158,173,3
"00168.jpg",94,163,97,121,1
"00168.jpg",111,138,109,145,2
"00168.jpg",106,143,149,171,3
"00169.jpg",93,166,97,123,1
"00169.jpg",114,144,113,150,2
"00169.jpg",114,150,161,175,3
"00170.jpg",92,158,101,121,1
"00170.jpg",114,143,113,147,2
"00170.jpg",110,145,148,172,3
"00171.jpg",84,167,89,128,1
"00171.jpg",116,146,110,152,2
"00171.jpg",97,146,157,179,3
"00172.jpg",89,162,98,124,1
"00172.jpg",114,142,114,148,2
"00172.jpg",105,150,151,170,3
"00173.jpg",90,163,99,120,1
"00173.jpg",116,145,109,146,2
"00173.jpg",112,147,153,168,3
"00174.jpg",96,153,99,120,1
"00174.jpg",113,138,113,145,2
"00174.jpg",113,146,149,159,3
"00175.jpg",76,167,94,124,1
"00175.jpg",108,144,103,151,2
"00175.jpg",95,148,156,183,3
"00176.jpg",90,165,96,125,1
"00176.jpg",111,138,105,148,2
"00176.jpg",105,145,155,174,3
"00177.jpg",91,170,91,120,1
"00177.jpg",111,145,104,147,2
"00177.jpg",105,157,153,173,3
"00178.jpg",95,167,89,119,1
"00178.jpg",108,137,104,144,2
"00178.jpg",105,148,151,166,3
"00179.jpg",79,157,98,127,1
"00179.jpg",113,142,108,150,2
"00179.jpg",100,151,158,180,3
"00180.jpg",88,163,103,125,1
"00180.jpg",114,141,113,143,2
"00180.jpg",107,146,152,165,3
"00181.jpg",88,166,95,128,1
"00181.jpg",113,144,113,151,2
"00181.jpg",109,153,157,174,3
"00182.jpg",90,157,97,122,1
"00182.jpg",112,138,111,141,2
"00182.jpg",107,144,145,160,3
"00183.jpg",85,162,90,124,1
"00183.jpg",116,141,104,146,2
"00183.jpg",106,150,151,165,3
"00184.jpg",81,161,92,127,1
"00184.jpg",112,142,107,146,2
"00184.jpg",116,154,153,169,3
"00185.jpg",84,168,96,119,1
"00185.jpg",111,146,108,148,2
"00185.jpg",104,159,152,173,3
"00186.jpg",120,170,97,125,1
"00186.jpg",143,166,107,139,2
"00186.jpg",135,163,146,157,3
"00187.jpg",88,169,104,123,1
"00187.jpg",116,143,113,152,2
"00187.jpg",111,151,155,178,3
"00188.jpg",94,159,95,125,1
"00188.jpg",114,140,106,147,2
"00188.jpg",105,141,152,167,3
"00189.jpg",90,162,99,123,1
"00189.jpg",113,145,109,144,2
"00189.jpg",110,151,149,168,3
"00190.jpg",82,160,93,130,1
"00190.jpg",113,145,109,149,2
"00190.jpg",104,145,153,178,3
"00191.jpg",85,164,99,130,1
"00191.jpg",117,147,106,147,2
"00191.jpg",107,156,152,173,3
"00192.jpg",82,163,96,125,1
"00192.jpg",115,146,111,147,2
"00192.jpg",103,153,153,177,3
"00193.jpg",93,160,98,120,1
"00193.jpg",111,137,107,145,2
"00193.jpg",107,146,149,166,3
"00194.jpg",90,172,95,123,1
"00194.jpg",112,142,108,147,2
"00194.jpg",105,155,151,167,3
"00195.jpg",92,169,96,128,1
"00195.jpg",107,143,114,150,2
"00195.jpg",99,151,149,170,3
"00196.jpg",93,164,92,126,1
"00196.jpg",116,144,109,149,2
"00196.jpg",108,147,151,166,3
"00197.jpg",89,160,97,127,1
"00197.jpg",114,144,111,151,2
"00197.jpg",114,151,156,175,3
"00198.jpg",92,162,94,124,1
"00198.jpg",116,149,109,146,2
"00198.jpg",106,156,149,171,3
"00199.jpg",89,161,96,124,1
"00199.jpg",111,142,104,145,2
"00199.jpg",102,146,148,171,3
"00200.jpg",89,163,98,123,1
"00200.jpg",112,145,112,149,2
"00200.jpg",109,155,156,173,3
"00201.jpg",93,166,101,121,1
"00201.jpg",119,149,109,155,2
"00201.jpg",103,161,151,175,3
"00202.jpg",228,248,52,86,2
"00202.jpg",218,250,92,105,3
"00202.jpg",110,134,109,139,2
"00203.jpg",96,160,98,119,1
"00203.jpg",110,142,105,143,2
"00203.jpg",107,148,151,168,3
"00204.jpg",91,160,98,124,1
"00204.jpg",112,142,114,146,2
"00204.jpg",106,154,147,164,3
"00205.jpg",86,166,91,121,1
"00205.jpg",110,146,99,143,2
"00205.jpg",100,151,148,176,3
"00206.jpg",90,165,93,117,1
"00206.jpg",113,143,108,148,2
"00206.jpg",109,151,152,168,3
"00207.jpg",80,160,95,121,1
"00207.jpg",112,144,102,145,2
"00207.jpg",98,154,152,171,3
"00208.jpg",77,164,88,124,1
"00208.jpg",114,148,107,149,2
"00208.jpg",111,160,157,172,3
"00209.jpg",91,161,97,118,1
"00209.jpg",115,149,106,145,2
"00209.jpg",107,152,155,168,3
"00210.jpg",93,163,96,125,1
"00210.jpg",117,146,108,145,2
"00210.jpg",100,147,149,182,3
"00211.jpg",87,161,95,125,1
"00211.jpg",110,136,108,145,2
"00211.jpg",101,140,149,165,3
"00212.jpg",87,165,96,129,1
"00212.jpg",115,150,109,150,2
"00212.jpg",110,158,155,166,3
"00213.jpg",94,157,93,125,1
"00213.jpg",113,140,107,145,2
"00213.jpg",117,151,148,163,3
"00214.jpg",95,166,95,123,1
"00214.jpg",115,148,109,148,2
"00214.jpg",115,163,151,169,3
"00215.jpg",85,154,98,126,1
"00215.jpg",116,143,108,146,2
"00215.jpg",102,147,152,170,3
"00216.jpg",90,162,97,121,1
"00216.jpg",111,138,106,141,2
"00216.jpg",106,145,148,167,3
"00217.jpg",91,161,88,122,1
"00217.jpg",120,151,106,137,2
"00217.jpg",122,159,144,167,3
"00218.jpg",89,159,99,120,1
"00218.jpg",121,146,108,145,2
"00218.jpg",106,148,149,167,3
"00219.jpg",93,160,97,125,1
"00219.jpg",112,141,108,142,2
"00219.jpg",108,147,148,170,3
"00220.jpg",93,157,96,124,1
"00220.jpg",107,139,109,148,2
"00220.jpg",107,143,151,170,3
"00221.jpg",95,167,98,123,1
"00221.jpg",116,142,103,142,2
"00221.jpg",107,153,147,163,3
"00222.jpg",95,159,100,123,1
"00222.jpg",113,138,111,144,2
"00222.jpg",104,145,146,162,3
"00223.jpg",88,157,96,120,1
"00223.jpg",107,138,110,143,2
"00223.jpg",110,147,151,166,3
"00224.jpg",84,169,91,125,1
"00224.jpg",110,143,107,154,2
"00224.jpg",107,156,157,169,3
"00225.jpg",81,169,89,121,1
"00225.jpg",106,146,104,142,2
"00226.jpg",87,157,100,122,1
"00226.jpg",112,138,112,143,2
"00226.jpg",107,145,152,162,3
"00227.jpg",91,168,99,127,1
"00227.jpg",112,146,108,155,2
"00227.jpg",100,151,154,175,3
"00228.jpg",86,170,95,122,1
"00228.jpg",109,146,109,147,2
"00228.jpg",105,153,152,170,3
"00229.jpg",88,164,97,124,1
"00229.jpg",106,135,104,145,2
"00229.jpg",100,151,149,170,3
"00230.jpg",83,166,93,123,1
"00230.jpg",112,145,104,144,2
"00230.jpg",98,148,151,171,3
"00231.jpg",92,164,97,121,1
"00231.jpg",113,142,105,148,2
"00231.jpg",107,145,151,166,3
"00232.jpg",87,158,95,121,1
"00232.jpg",112,139,105,148,2
"00232.jpg",103,140,154,167,3
"00233.jpg",91,157,94,119,1
"00233.jpg",109,138,108,143,2
"00233.jpg",108,155,149,163,3
"00234.jpg",90,170,95,126,1
"00234.jpg",110,139,110,149,2
"00234.jpg",102,147,157,174,3
"00235.jpg",91,167,95,125,1
"00235.jpg",106,136,106,150,2
"00235.jpg",101,139,155,179,3
"00236.jpg",92,168,96,122,1
"00236.jpg",121,148,109,147,2
"00236.jpg",103,154,148,174,3
"00237.jpg",90,161,95,123,1
"00237.jpg",115,144,112,143,2
"00237.jpg",102,148,145,162,3
"00238.jpg",86,155,89,123,1
"00238.jpg",114,141,106,148,2
"00238.jpg",109,152,149,167,3
"00239.jpg",92,161,98,123,1
"00239.jpg",113,143,112,149,2
"00239.jpg",106,152,152,169,3
"00240.jpg",97,168,96,125,1
"00240.jpg",109,140,105,145,2
"00240.jpg",105,149,148,168,3
"00241.jpg",83,164,95,120,1
"00241.jpg",113,144,107,141,2
"00241.jpg",106,160,143,159,3
"00242.jpg",93,168,98,128,1
"00242.jpg",112,139,109,145,2
"00242.jpg",103,139,149,171,3
"00243.jpg",91,163,93,122,1
"00243.jpg",115,148,108,143,2
"00243.jpg",104,147,145,167,3
"00244.jpg",83,165,96,122,1
"00244.jpg",106,140,111,145,2
"00244.jpg",99,152,154,168,3
"00245.jpg",89,157,95,126,1
"00245.jpg",108,135,103,146,2
"00245.jpg",107,151,149,170,3
"00246.jpg",94,164,93,121,1
"00246.jpg",116,141,103,144,2
"00246.jpg",106,148,145,160,3
"00247.jpg",96,161,92,124,1
"00247.jpg",117,148,112,144,2
"00247.jpg",115,149,150,170,3
"00248.jpg",84,158,92,127,1
"00248.jpg",109,141,106,150,2
"00248.jpg",108,142,156,172,3
"00249.jpg",86,164,92,119,1
"00249.jpg",110,147,112,143,2
"00249.jpg",108,150,148,182,3
"00250.jpg",90,155,97,127,1
"00250.jpg",116,143,112,145,2
"00250.jpg",107,151,148,169,3
"00251.jpg",82,163,96,125,1
"00251.jpg",113,146,108,147,2
"00251.jpg",108,153,156,171,3
"00252.jpg",86,166,98,124,1
"00252.jpg",117,141,110,151,2
"00252.jpg",108,149,154,168,3
"00253.jpg",91,165,95,124,1
"00253.jpg",116,142,108,145,2
"00253.jpg",113,154,151,169,3
"00254.jpg",93,162,92,123,1
"00254.jpg",112,142,108,145,2
"00254.jpg",108,145,149,167,3
"00255.jpg",84,162,93,120,1
"00255.jpg",111,144,107,149,2
"00255.jpg",99,161,147,166,3
"00256.jpg",92,166,93,124,1
"00256.jpg",116,149,106,144,2
"00256.jpg",108,147,149,170,3
"00257.jpg",91,175,94,123,1
"00257.jpg",111,145,108,150,2
"00257.jpg",107,148,161,179,3
"00258.jpg",87,152,98,126,1
"00258.jpg",111,142,111,157,2
"00258.jpg",104,139,161,177,3
"00259.jpg",91,164,95,124,1
"00259.jpg",113,140,107,149,2
"00259.jpg",107,155,153,166,3
"00260.jpg",98,158,110,131,1
"00260.jpg",115,139,112,148,2
"00260.jpg",105,150,147,162,3
"00261.jpg",101,158,97,122,1
"00261.jpg",117,141,104,133,2
"00261.jpg",108,142,138,153,3
"00262.jpg",99,158,95,123,1
"00262.jpg",116,142,107,146,2
"00262.jpg",105,141,153,175,3
"00263.jpg",88,164,99,125,1
"00263.jpg",108,140,108,150,2
"00263.jpg",104,147,158,175,3
"00264.jpg",92,162,93,120,1
"00264.jpg",110,141,102,143,2
"00264.jpg",103,148,144,159,3
"00265.jpg",85,169,97,123,1
"00265.jpg",108,143,110,144,2
"00265.jpg",103,151,149,171,3
"00266.jpg",86,162,96,126,1
"00266.jpg",118,144,109,143,2
"00266.jpg",107,155,145,165,3
"00267.jpg",89,168,97,127,1
"00267.jpg",116,143,107,146,2
"00267.jpg",112,157,150,171,3
"00268.jpg",86,153,99,124,1
"00268.jpg",114,141,107,149,2
"00268.jpg",104,153,146,164,3
"00269.jpg",89,165,95,128,1
"00269.jpg",104,142,107,147,2
"00269.jpg",99,146,150,175,3
"00270.jpg",86,159,99,127,1
"00270.jpg",115,146,107,149,2
"00270.jpg",107,148,156,173,3
"00271.jpg",83,166,97,130,1
"00271.jpg",115,149,112,160,2
"00271.jpg",105,149,160,187,3
"00272.jpg",92,162,96,124,1
"00272.jpg",115,143,109,149,2
"00272.jpg",99,142,155,173,3
"00273.jpg",95,159,100,125,1
"00273.jpg",112,137,108,141,2
"00273.jpg",107,139,143,158,3
"00274.jpg",91,168,94,125,1
"00274.jpg",113,139,107,148,2
"00274.jpg",107,153,147,166,3
"00275.jpg",96,172,91,122,1
"00275.jpg",111,143,101,148,2
"00275.jpg",103,145,146,166,3
"00276.jpg",87,170,94,130,1
"00276.jpg",107,145,111,155,2
"00276.jpg",102,146,158,177,3
"00277.jpg",84,167,97,127,1
"00277.jpg",110,142,105,147,2
"00277.jpg",104,149,152,168,3
"00278.jpg",89,168,99,124,1
"00278.jpg",108,139,111,153,2
"00278.jpg",105,151,156,176,3
"00279.jpg",84,166,88,125,1
"00279.jpg",106,137,109,150,2
"00279.jpg",92,150,150,172,3
"00280.jpg",92,159,96,123,1
"00280.jpg",110,141,106,142,2
"00280.jpg",97,141,147,162,3
"00281.jpg",88,170,91,122,1
"00281.jpg",112,145,109,147,2
"00281.jpg",108,156,154,175,3
"00282.jpg",86,161,90,126,1
"00282.jpg",114,144,105,145,2
"00282.jpg",106,155,146,171,3
"00283.jpg",87,163,95,122,1
"00283.jpg",111,149,111,147,2
"00283.jpg",107,148,152,170,3
"00284.jpg",82,169,93,125,1
"00284.jpg",113,143,107,152,2
"00284.jpg",108,153,159,175,3
"00285.jpg",80,181,87,127,1
"00285.jpg",110,146,109,157,2
"00285.jpg",105,159,166,187,3
"00286.jpg",89,155,92,122,1
"00286.jpg",110,137,104,141,2
"00286.jpg",97,141,145,160,3
"00287.jpg",90,167,94,124,1
"00287.jpg",111,140,109,141,2
"00287.jpg",110,145,143,166,3
"00288.jpg",74,159,88,122,1
"00288.jpg",112,148,104,153,2
"00288.jpg",103,155,156,175,3
"00289.jpg",92,166,94,121,1
"00289.jpg",109,138,112,148,2
"00289.jpg",106,150,151,178,3
"00290.jpg",80,168,91,125,1
"00290.jpg",111,149,106,147,2
"00290.jpg",105,162,150,172,3
"00291.jpg",87,161,98,126,1
"00291.jpg",111,141,110,149,2
"00291.jpg",105,148,153,166,3
"00292.jpg",93,157,98,123,1
"00292.jpg",115,145,108,144,2
"00292.jpg",104,145,151,169,3
"00293.jpg",87,160,94,125,1
"00293.jpg",113,144,108,143,2
"00293.jpg",107,153,153,170,3
"00294.jpg",82,161,96,122,1
"00294.jpg",115,140,109,148,2
"00294.jpg",113,151,157,171,3
"00295.jpg",90,172,91,127,1
"00295.jpg",115,146,106,144,2
"00295.jpg",118,154,151,168,3
"00296.jpg",90,168,89,128,1
"00296.jpg",111,140,105,148,2
"00296.jpg",111,161,156,173,3
"00297.jpg",87,158,93,122,1
"00297.jpg",116,139,111,145,2
"00297.jpg",113,149,146,163,3
"00298.jpg",91,164,87,126,1
"00298.jpg",113,140,109,151,2
"00298.jpg",100,148,148,164,3
"00299.jpg",87,170,94,126,1
"00299.jpg",108,146,107,150,2
"00299.jpg",99,159,149,169,3
"00300.jpg",87,161,96,125,1
"00300.jpg",113,146,105,151,2
"00300.jpg",107,147,156,176,3
"00301.jpg",90,158,94,125,1
"00301.jpg",114,143,113,151,2
"00302.jpg",88,169,98,123,1
"00302.jpg",113,143,112,148,2
"00302.jpg",107,156,147,166,3
"00303.jpg",85,167,97,123,1
"00303.jpg",106,137,110,155,2
"00303.jpg",105,152,153,173,3
"00304.jpg",95,163,96,124,1
"00304.jpg",115,141,114,146,2
"00304.jpg",98,140,143,168,3
"00305.jpg",91,163,99,123,1
"00305.jpg",110,142,108,144,2
"00305.jpg",101,159,148,165,3
"00306.jpg",113,174,96,128,1
"00306.jpg",135,159,109,147,2
"00306.jpg",122,154,152,168,3
"00307.jpg",86,166,102,121,1
"00307.jpg",112,143,111,153,2
"00307.jpg",106,151,156,170,3
"00308.jpg",90,170,96,122,1
"00308.jpg",111,142,107,144,2
"00308.jpg",101,150,146,167,3
"00309.jpg",92,167,99,128,1
"00309.jpg",108,140,109,151,2
"00309.jpg",97,147,149,169,3
"00310.jpg",80,170,98,120,1
"00310.jpg",106,145,108,151,2
"00310.jpg",104,158,154,173,3
"00310.jpg",9,60,89,111,1
"00310.jpg",26,49,101,129,2
"00310.jpg",25,58,131,139,3
"00310.jpg",223,250,23,53,2
"00310.jpg",216,250,59,78,3
"00311.jpg",99,159,92,128,1
"00311.jpg",113,140,112,146,2
"00311.jpg",102,136,146,165,3
"00312.jpg",90,166,101,121,1
"00312.jpg",104,137,111,140,2
"00312.jpg",97,147,148,174,3
"00313.jpg",84,158,99,128,1
"00313.jpg",112,146,113,153,2
"00313.jpg",109,151,161,178,3
"00314.jpg",94,160,98,124,1
"00314.jpg",116,146,108,152,2
"00314.jpg",102,147,153,168,3
"00315.jpg",83,169,95,123,1
"00315.jpg",111,145,108,146,2
"00315.jpg",107,154,153,174,3
"00316.jpg",87,160,90,122,1
"00316.jpg",112,142,106,144,2
"00316.jpg",108,154,145,162,3
"00317.jpg",87,147,103,121,1
"00317.jpg",101,130,111,145,2
"00317.jpg",101,142,151,164,3
"00318.jpg",89,160,93,127,1
"00318.jpg",112,141,109,150,2
"00318.jpg",118,155,158,180,3
"00319.jpg",91,153,97,127,1
"00319.jpg",114,141,111,145,2
"00319.jpg",113,149,148,166,3
"00320.jpg",88,169,97,128,1
"00320.jpg",115,143,114,151,2
"00320.jpg",106,152,151,194,3
"00321.jpg",88,160,99,126,1
"00321.jpg",111,143,109,149,2
"00321.jpg",104,141,156,178,3
"00322.jpg",95,160,95,125,1
"00322.jpg",107,137,110,144,2
"00322.jpg",95,141,140,163,3
"00322.jpg",25,66,138,154,1
"00322.jpg",43,57,146,167,2
"00323.jpg",92,159,99,122,1
"00323.jpg",116,149,110,148,2
"00323.jpg",105,148,148,164,3
"00324.jpg",91,164,94,125,1
"00324.jpg",111,142,109,145,2
"00324.jpg",103,150,153,169,3
"00325.jpg",96,162,103,126,1
"00325.jpg",113,142,121,152,2
"00325.jpg",118,154,156,172,3
"00325.jpg",1,22,162,195,2
"00325.jpg",1,31,198,215,3
"00326.jpg",95,160,97,125,1
"00326.jpg",105,135,109,148,2
"00326.jpg",112,148,156,177,3
"00326.jpg",1,27,206,217,3
"00327.jpg",87,174,92,123,1
"00327.jpg",114,146,107,148,2
"00327.jpg",98,151,149,173,3
"00328.jpg",95,164,95,127,1
"00328.jpg",111,140,103,150,2
"00328.jpg",99,145,152,168,3
"00329.jpg",85,161,97,126,1
"00329.jpg",112,141,113,150,2
"00329.jpg",102,148,153,169,3
"00330.jpg",86,168,96,122,1
"00330.jpg",114,152,111,147,2
"00330.jpg",107,159,152,173,3
"00331.jpg",89,163,92,124,1
"00331.jpg",109,138,106,151,2
"00331.jpg",99,148,152,169,3
"00332.jpg",87,158,97,126,1
"00332.jpg",115,145,111,147,2
"00333.jpg",87,161,92,121,1
"00333.jpg",108,138,114,143,2
"00333.jpg",104,149,146,163,3
"00334.jpg",97,166,98,128,1
"00334.jpg",110,138,110,153,2
"00334.jpg",100,138,158,178,3
"00335.jpg",85,168,104,124,1
"00335.jpg",110,142,112,154,2
"00335.jpg",110,154,155,171,3
"00336.jpg",94,163,98,127,1
"00336.jpg",107,135,111,146,2
"00336.jpg",101,144,151,169,3
"00337.jpg",92,165,99,125,1
"00337.jpg",113,141,112,147,2
"00337.jpg",102,151,152,166,3
"00338.jpg",102,177,91,131,1
"00338.jpg",109,142,102,149,2
"00338.jpg",98,144,148,181,3
"00339.jpg",92,173,93,121,1
"00339.jpg",114,149,106,148,2
"00339.jpg",113,163,152,167,3
"00340.jpg",84,161,95,121,1
"00340.jpg",109,136,108,141,2
"00340.jpg",109,144,147,163,3
"00341.jpg",90,169,97,121,1
"00341.jpg",108,141,106,151,2
"00341.jpg",105,158,152,175,3
"00342.jpg",86,165,94,125,1
"00342.jpg",111,140,105,142,2
"00342.jpg",99,144,143,166,3
"00343.jpg",91,165,98,121,1
"00343.jpg",111,142,111,146,2
"00343.jpg",107,152,150,166,3
"00344.jpg",83,166,90,125,1
"00344.jpg",109,141,106,149,2
"00344.jpg",99,151,157,174,3
"00345.jpg",93,167,105,128,1
"00345.jpg",116,145,115,150,2
"00345.jpg",107,149,151,172,3
"00346.jpg",90,159,92,121,1
"00346.jpg",109,139,107,146,2
"00346.jpg",112,150,147,175,3
"00347.jpg",86,160,95,130,1
"00347.jpg",115,142,109,150,2
"00347.jpg",107,142,153,169,3
"00348.jpg",85,157,89,127,1
"00348.jpg",118,147,108,143,2
"00348.jpg",115,155,149,171,3
"00349.jpg",82,164,94,121,1
"00349.jpg",114,141,106,137,2
"00349.jpg",113,153,140,154,3
"00350.jpg",82,167,99,127,1
"00350.jpg",111,146,110,152,2
"00350.jpg",104,154,161,184,3
"00351.jpg",89,163,90,125,1
"00351.jpg",113,146,108,146,2
"00351.jpg",104,147,150,168,3
"00352.jpg",90,165,91,125,1
"00352.jpg",111,144,114,148,2
"00352.jpg",108,148,152,174,3
"00353.jpg",86,166,99,121,1
"00353.jpg",115,140,111,148,2
"00353.jpg",106,149,151,170,3
"00354.jpg",91,160,92,121,1
"00354.jpg",115,144,104,144,2
"00354.jpg",107,151,151,170,3
"00355.jpg",92,162,93,130,1
"00355.jpg",111,138,108,145,2
"00355.jpg",102,141,147,170,3
"00356.jpg",91,160,96,125,1
"00356.jpg",103,132,111,152,2
"00356.jpg",99,139,154,176,3
"00357.jpg",86,166,89,122,1
"00357.jpg",109,142,106,145,2
"00357.jpg",98,137,146,163,3
"00358.jpg",93,168,94,128,1
"00358.jpg",120,149,112,149,2
"00358.jpg",118,160,151,168,3
"00359.jpg",82,162,96,126,1
"00359.jpg",110,141,110,145,2
"00359.jpg",109,150,149,166,3
"00360.jpg",81,170,95,121,1
"00360.jpg",105,139,106,148,2
"00360.jpg",102,155,154,176,3
"00361.jpg",82,159,96,121,1
"00361.jpg",108,142,109,141,2
"00361.jpg",106,149,152,168,3
"00362.jpg",87,163,99,122,1
"00362.jpg",113,142,111,145,2
"00362.jpg",108,146,151,165,3
"00363.jpg",79,178,88,125,1
"00363.jpg",109,154,105,151,2
"00363.jpg",91,166,153,187,3
"00364.jpg",90,166,101,126,1
"00364.jpg",112,139,109,145,2
"00364.jpg",103,151,147,168,3
"00365.jpg",88,161,96,125,1
"00365.jpg",106,140,108,146,2
"00365.jpg",97,149,141,166,3
"00366.jpg",92,155,96,124,1
"00366.jpg",115,145,103,142,2
"00366.jpg",111,149,143,169,3
"00367.jpg",87,156,102,128,1
"00367.jpg",117,143,116,147,2
"00367.jpg",110,147,151,166,3
"00368.jpg",79,167,94,125,1
"00368.jpg",109,142,108,151,2
"00368.jpg",101,151,149,170,3
"00368.jpg",169,249,82,124,1
"00368.jpg",187,226,105,154,2
"00368.jpg",181,230,148,173,3
"00369.jpg",81,163,94,123,1
"00369.jpg",113,149,107,140,2
"00369.jpg",109,159,140,161,3
"00370.jpg",88,167,90,125,1
"00370.jpg",109,140,107,150,2
"00370.jpg",106,139,153,171,3
"00371.jpg",86,164,94,127,1
"00371.jpg",111,147,105,146,2
"00371.jpg",115,160,145,168,3
"00372.jpg",86,175,96,124,1
"00372.jpg",110,140,107,151,2
"00372.jpg",109,153,156,182,3
"00373.jpg",101,167,93,126,1
"00373.jpg",113,141,109,143,2
"00373.jpg",104,139,146,165,3
"00374.jpg",85,161,92,125,1
"00374.jpg",111,143,107,146,2
"00374.jpg",107,152,148,168,3
"00375.jpg",73,161,90,132,1
"00375.jpg",115,153,117,159,2
"00375.jpg",114,163,168,187,3
"00376.jpg",90,169,97,124,1
"00376.jpg",107,141,105,149,2
"00376.jpg",101,145,153,168,3
"00377.jpg",90,156,97,123,1
"00377.jpg",113,141,109,148,2
"00377.jpg",113,148,152,174,3
"00378.jpg",88,164,98,127,1
"00378.jpg",114,144,112,153,2
"00378.jpg",107,145,159,182,3
"00379.jpg",93,166,96,128,1
"00379.jpg",116,144,115,156,2
"00379.jpg",115,150,157,175,3
"00380.jpg",92,159,94,124,1
"00380.jpg",114,146,108,145,2
"00380.jpg",105,147,151,171,3
"00380.jpg",191,237,123,139,1
"00380.jpg",199,221,131,149,2
"00380.jpg",199,224,151,162,3
"00380.jpg",2,31,149,161,1
"00380.jpg",10,22,156,169,2
"00380.jpg",8,26,171,179,3
"00381.jpg",89,168,88,123,1
"00381.jpg",107,140,99,145,2
"00381.jpg",96,152,147,171,3
"00381.jpg",182,221,169,182,1
"00381.jpg",193,210,175,194,2
"00382.jpg",131,218,4,42,1
"00382.jpg",158,195,28,76,2
"00382.jpg",167,208,88,111,3
"00382.jpg",92,166,91,127,1
"00382.jpg",112,138,114,147,2
"00382.jpg",111,147,157,176,3
"00383.jpg",82,164,98,133,1
"00383.jpg",110,148,118,161,2
"00383.jpg",95,144,158,182,3
"00383.jpg",4,40,157,205,2
"00383.jpg",1,38,214,237,3
"00384.jpg",87,163,91,123,1
"00384.jpg",109,145,105,142,2
"00384.jpg",102,143,148,170,3
"00385.jpg",83,165,95,129,1
"00385.jpg",107,142,111,144,2
"00385.jpg",99,147,148,187,3
"00386.jpg",87,161,102,126,1
"00386.jpg",110,137,111,151,2
"00386.jpg",107,147,154,171,3
"00387.jpg",89,157,95,121,1
"00387.jpg",114,146,107,149,2
"00387.jpg",104,150,152,165,3
"00387.jpg",1,31,148,180,2
"00387.jpg",1,37,185,204,3
"00388.jpg",86,162,90,121,1
"00388.jpg",109,140,99,141,2
"00388.jpg",108,153,143,164,3
"00389.jpg",83,167,95,122,1
"00389.jpg",107,138,109,146,2
"00389.jpg",105,142,152,167,3
"00390.jpg",93,163,99,126,1
"00390.jpg",101,137,111,146,2
"00390.jpg",99,143,149,170,3
"00391.jpg",87,163,92,119,1
"00391.jpg",111,143,111,148,2
"00391.jpg",106,152,149,167,3
"00392.jpg",89,162,95,126,1
"00392.jpg",113,147,112,145,2
"00392.jpg",116,148,151,169,3
"00393.jpg",84,164,94,125,1
"00393.jpg",109,136,108,148,2
"00393.jpg",101,155,149,173,3
"00394.jpg",89,157,95,125,1
"00394.jpg",113,144,108,142,2
"00394.jpg",107,149,144,167,3
"00395.jpg",87,168,82,120,1
"00395.jpg",110,140,102,145,2
"00395.jpg",103,145,149,167,3
"00396.jpg",93,167,97,127,1
"00396.jpg",111,142,107,147,2
"00396.jpg",104,144,152,168,3
"00397.jpg",92,173,98,127,1
"00397.jpg",115,151,111,146,2
"00397.jpg",104,152,147,173,3
"00398.jpg",86,162,95,124,1
"00398.jpg",110,142,103,148,2
"00398.jpg",109,152,152,171,3
"00399.jpg",87,168,98,128,1
"00399.jpg",112,146,116,154,2
"00399.jpg",109,156,154,175,3
"00400.jpg",95,166,98,128,1
"00400.jpg",111,140,111,147,2
"00400.jpg",111,149,154,181,3
"00401.jpg",90,162,94,123,1
"00401.jpg",108,143,106,146,2
"00401.jpg",103,154,148,171,3
"00402.jpg",93,158,99,120,1
"00402.jpg",114,143,111,146,2
"00402.jpg",114,143,152,173,3
"00403.jpg",82,154,95,123,1
"00403.jpg",106,134,105,142,2
"00403.jpg",107,149,150,165,3
"00404.jpg",125,175,102,128,1
"00404.jpg",141,168,113,153,2
"00404.jpg",129,161,154,167,3
"00405.jpg",87,162,92,126,1
"00405.jpg",123,146,111,148,2
"00405.jpg",122,153,152,172,3
"00406.jpg",90,159,99,124,1
"00406.jpg",112,138,109,146,2
"00406.jpg",102,144,150,176,3
"00407.jpg",87,163,97,125,1
"00407.jpg",112,144,105,148,2
"00407.jpg",107,149,154,171,3
"00408.jpg",84,166,92,124,1
"00408.jpg",119,150,109,147,2
"00408.jpg",110,162,145,166,3
"00409.jpg",86,161,92,127,1
"00409.jpg",115,143,103,147,2
"00409.jpg",102,146,148,167,3
"00410.jpg",89,164,99,124,1
"00410.jpg",115,142,110,147,2
"00410.jpg",105,146,149,164,3
"00410.jpg",166,179,133,158,2
"00411.jpg",98,168,92,123,1
"00411.jpg",110,140,109,148,2
"00411.jpg",106,150,157,178,3
"00412.jpg",89,174,95,128,1
"00412.jpg",119,155,109,149,2
"00412.jpg",104,155,153,176,3
"00412.jpg",196,231,146,159,1
"00412.jpg",209,221,152,168,2
"00412.jpg",205,225,170,179,3
"00413.jpg",85,173,94,123,1
"00413.jpg",112,143,106,148,2
"00413.jpg",107,150,155,171,3
"00414.jpg",92,169,96,122,1
"00414.jpg",114,143,108,140,2
"00414.jpg",110,150,148,164,3
"00415.jpg",85,158,89,124,1
"00415.jpg",114,144,109,147,2
"00415.jpg",111,156,153,172,3
"00416.jpg",89,160,98,123,1
"00416.jpg",112,137,106,143,2
"00416.jpg",101,144,143,161,3
"00417.jpg",87,164,94,130,1
"00417.jpg",113,141,109,151,2
"00417.jpg",95,145,152,175,3
"00418.jpg",83,161,91,121,1
"00418.jpg",113,141,109,145,2
"00418.jpg",109,151,148,160,3
"00419.jpg",78,169,95,128,1
"00419.jpg",108,146,115,151,2
"00419.jpg",96,154,154,181,3
"00420.jpg",88,159,96,127,1
"00420.jpg",112,147,109,148,2
"00420.jpg",103,145,156,177,3
"00421.jpg",92,166,96,126,1
"00421.jpg",117,146,113,151,2
"00421.jpg",111,149,154,178,3
"00422.jpg",89,163,91,121,1
"00422.jpg",118,147,106,142,2
"00422.jpg",102,157,145,167,3
"00423.jpg",83,159,99,124,1
"00423.jpg",113,142,113,149,2
"00423.jpg",105,146,152,165,3
"00424.jpg",87,163,97,126,1
"00424.jpg",115,143,108,152,2
"00424.jpg",111,150,157,181,3
"00425.jpg",89,162,99,126,1
"00425.jpg",112,137,112,146,2
"00425.jpg",99,149,146,165,3
"00426.jpg",82,156,96,123,1
"00426.jpg",115,139,106,138,2
"00426.jpg",112,145,143,161,3
"00427.jpg",88,165,97,117,1
"00427.jpg",118,145,108,144,2
"00427.jpg",105,146,152,170,3
"00428.jpg",84,168,93,124,1
"00428.jpg",110,140,105,147,2
"00428.jpg",105,146,151,171,3
"00429.jpg",91,159,101,126,1
"00429.jpg",110,141,116,146,2
"00429.jpg",101,149,147,157,3
"00430.jpg",84,161,90,120,1
"00430.jpg",114,143,108,139,2
"00430.jpg",112,150,144,161,3
"00431.jpg",86,157,99,123,1
"00431.jpg",111,139,107,143,2
"00431.jpg",106,145,145,162,3
"00432.jpg",89,165,96,126,1
"00432.jpg",113,138,109,143,2
"00432.jpg",108,144,147,166,3
"00433.jpg",90,165,98,126,1
"00433.jpg",113,142,111,140,2
"00433.jpg",100,143,146,168,3
"00434.jpg",83,175,91,124,1
"00434.jpg",118,151,111,146,2
"00434.jpg",109,169,146,169,3
"00435.jpg",86,168,93,125,1
"00435.jpg",111,143,105,147,2
"00435.jpg",103,152,148,177,3
"00436.jpg",87,167,95,133,1
"00436.jpg",115,144,114,156,2
"00436.jpg",104,145,162,183,3
"00437.jpg",85,162,91,126,1
"00437.jpg",115,141,110,148,2
"00437.jpg",101,147,152,182,3
"00438.jpg",91,163,99,126,1
"00438.jpg",107,143,110,145,2
"00438.jpg",107,150,150,170,3
"00439.jpg",85,169,97,121,1
"00439.jpg",112,142,109,142,2
"00439.jpg",98,158,145,165,3
"00440.jpg",81,168,96,127,1
"00440.jpg",108,146,111,150,2
"00440.jpg",114,156,157,175,3
"00441.jpg",18,67,49,70,1
"00441.jpg",36,52,59,78,2
"00441.jpg",32,58,83,93,3
"00441.jpg",98,142,99,126,1
"00441.jpg",103,124,117,143,2
"00441.jpg",104,135,151,168,3
"00442.jpg",86,164,95,126,1
"00442.jpg",109,140,116,152,2
"00442.jpg",103,148,158,178,3
"00443.jpg",91,162,95,124,1
"00443.jpg",108,139,106,145,2
"00443.jpg",106,150,149,165,3
"00443.jpg",1,30,194,205,3
"00443.jpg",1,17,154,186,2
"00444.jpg",87,166,93,126,1
"00444.jpg",111,144,104,146,2
"00444.jpg",105,161,148,168,3
"00445.jpg",91,161,98,125,1
"00445.jpg",111,142,113,152,2
"00445.jpg",109,155,161,177,3
"00446.jpg",88,168,94,127,1
"00446.jpg",114,145,116,151,2
"00446.jpg",109,166,147,176,3
"00447.jpg",94,154,96,123,1
"00447.jpg",117,143,109,146,2
"00447.jpg",101,145,145,163,3
"00448.jpg",82,165,94,123,1
"00448.jpg",108,143,108,149,2
"00448.jpg",113,154,158,176,3
"00449.jpg",82,162,94,122,1
"00449.jpg",110,143,107,148,2
"00449.jpg",95,148,147,165,3
"00450.jpg",98,166,92,126,1
"00450.jpg",123,153,107,145,2
"00450.jpg",117,152,147,166,3
"00451.jpg",92,162,97,119,1
"00451.jpg",109,138,109,139,2
"00451.jpg",104,143,144,162,3
"00452.jpg",97,171,92,129,1
"00452.jpg",109,140,109,146,2
"00452.jpg",107,143,150,173,3
"00453.jpg",92,159,95,126,1
"00453.jpg",114,143,109,150,2
"00453.jpg",101,144,155,172,3
"00454.jpg",94,151,100,126,1
"00454.jpg",109,130,114,141,2
"00454.jpg",102,140,145,157,3
"00455.jpg",89,162,99,124,1
"00455.jpg",109,142,111,149,2
"00455.jpg",98,147,149,169,3
"00456.jpg",91,167,99,121,1
"00456.jpg",112,142,112,142,2
"00456.jpg",112,152,147,169,3
"00457.jpg",87,166,97,121,1
"00457.jpg",114,142,110,141,2
"00457.jpg",103,147,146,167,3
"00458.jpg",85,162,91,123,1
"00458.jpg",115,139,113,141,2
"00458.jpg",103,143,147,163,3
"00459.jpg",92,162,95,124,1
"00459.jpg",115,145,110,146,2
"00459.jpg",103,145,149,168,3
"00459.jpg",184,249,85,111,1
"00459.jpg",206,236,99,132,2
"00459.jpg",196,238,134,154,3
"00460.jpg",82,168,100,127,1
"00460.jpg",113,144,111,147,2
"00460.jpg",102,157,150,173,3
"00461.jpg",88,157,94,124,1
"00461.jpg",116,146,107,145,2
"00461.jpg",116,152,148,167,3
"00462.jpg",87,160,98,126,1
"00462.jpg",108,138,111,144,2
"00462.jpg",104,151,148,173,3
"00463.jpg",82,164,95,127,1
"00463.jpg",110,144,106,149,2
"00463.jpg",102,150,156,175,3
"00464.jpg",99,160,100,125,1
"00464.jpg",108,132,107,144,2
"00464.jpg",108,140,149,162,3
"00464.jpg",224,245,102,140,2
"00465.jpg",88,158,92,129,1
"00465.jpg",115,142,111,147,2
"00465.jpg",118,156,149,168,3
"00466.jpg",89,159,98,126,1
"00466.jpg",114,138,109,139,2
"00466.jpg",109,149,143,161,3
"00467.jpg",91,157,100,122,1
"00467.jpg",109,133,113,139,2
"00467.jpg",106,145,144,161,3
"00468.jpg",80,161,101,124,1
"00468.jpg",112,144,115,148,2
"00468.jpg",107,150,152,168,3
"00469.jpg",90,165,99,129,1
"00469.jpg",113,145,114,146,2
"00469.jpg",109,151,152,178,3
"00470.jpg",88,162,95,126,1
"00470.jpg",114,145,109,148,2
"00470.jpg",112,150,155,170,3
"00471.jpg",90,158,95,127,1
"00471.jpg",112,142,111,149,2
"00471.jpg",106,145,153,176,3
"00472.jpg",87,160,93,121,1
"00472.jpg",114,141,108,144,2
"00472.jpg",101,152,145,161,3
"00473.jpg",89,162,91,127,1
"00473.jpg",116,141,115,144,2
"00473.jpg",110,156,145,162,3
"00474.jpg",94,154,88,128,1
"00474.jpg",110,141,103,147,2
"00474.jpg",92,137,140,165,3
"00475.jpg",91,166,93,125,1
"00475.jpg",106,139,113,149,2
"00475.jpg",105,151,151,170,3
"00476.jpg",79,169,94,123,1
"00476.jpg",104,142,113,149,2
"00476.jpg",92,158,149,180,3
"00477.jpg",88,160,98,126,1
"00477.jpg",111,142,113,154,2
"00477.jpg",108,151,153,168,3
"00478.jpg",92,167,97,122,1
"00478.jpg",111,142,108,147,2
"00478.jpg",106,146,153,167,3
"00479.jpg",93,165,97,121,1
"00479.jpg",112,141,107,144,2
"00479.jpg",107,151,146,162,3
"00480.jpg",90,157,95,122,1
"00480.jpg",113,139,110,146,2
"00480.jpg",111,147,150,169,3
"00481.jpg",90,163,91,127,1
"00481.jpg",110,138,106,148,2
"00481.jpg",106,146,153,196,3
"00482.jpg",79,175,91,126,1
"00482.jpg",110,145,106,148,2
"00482.jpg",97,155,153,189,3
"00483.jpg",93,159,98,128,1
"00483.jpg",115,140,112,143,2
"00483.jpg",109,143,146,167,3
"00484.jpg",79,161,94,126,1
"00484.jpg",115,145,109,149,2
"00484.jpg",113,151,155,180,3
"00485.jpg",93,159,93,124,1
"00485.jpg",106,135,108,148,2
"00485.jpg",103,144,148,166,3
"00486.jpg",88,168,98,125,1
"00486.jpg",117,144,108,146,2
"00486.jpg",111,151,151,173,3
"00487.jpg",82,164,96,124,1
"00487.jpg",109,145,113,152,2
"00487.jpg",102,147,153,172,3
"00488.jpg",81,165,89,124,1
"00488.jpg",118,145,112,148,2
"00488.jpg",108,161,148,175,3
"00489.jpg",92,168,96,128,1
"00489.jpg",109,142,109,143,2
"00489.jpg",104,146,152,166,3
"00490.jpg",89,163,94,124,1
"00490.jpg",109,142,112,140,2
"00490.jpg",104,144,143,161,3
"00491.jpg",89,160,93,125,1
"00491.jpg",109,140,112,148,2
"00491.jpg",100,146,148,162,3
"00492.jpg",86,162,87,117,1
"00492.jpg",108,139,104,138,2
"00492.jpg",106,148,142,158,3
"00493.jpg",88,169,97,126,1
"00493.jpg",108,141,109,151,2
"00493.jpg",102,150,155,172,3
"00494.jpg",86,168,94,120,1
"00494.jpg",110,145,108,145,2
"00494.jpg",103,159,146,175,3
"00495.jpg",95,163,93,125,1
"00495.jpg",118,149,112,145,2
"00495.jpg",106,153,145,168,3
"00496.jpg",88,159,96,122,1
"00496.jpg",107,137,108,148,2
"00496.jpg",109,149,155,174,3
"00497.jpg",87,163,96,124,1
"00497.jpg",111,143,106,144,2
"00497.jpg",110,144,146,170,3
"00498.jpg",91,151,101,132,1
"00498.jpg",99,128,118,154,2
"00498.jpg",99,136,157,175,3
"00499.jpg",88,174,95,125,1
"00499.jpg",112,146,106,150,2
"00499.jpg",106,155,155,174,3
"00500.jpg",91,165,94,127,1
"00500.jpg",108,141,112,153,2
"00500.jpg",102,142,156,192,3
"00501.jpg",89,161,91,129,1
"00501.jpg",110,140,109,145,2
"00501.jpg",94,137,148,177,3
"00502.jpg",158,220,101,125,1
"00502.jpg",170,195,112,141,2
"00502.jpg",166,204,144,174,3
"00502.jpg",96,152,96,120,1
"00502.jpg",117,142,110,142,2
"00502.jpg",102,141,143,177,3
"00503.jpg",94,162,98,122,1
"00503.jpg",112,138,111,145,2
"00503.jpg",105,140,151,167,3
"00504.jpg",91,167,98,125,1
"00504.jpg",110,142,111,151,2
"00504.jpg",111,153,157,178,3
"00504.jpg",3,80,63,99,1
"00505.jpg",85,169,96,121,1
"00505.jpg",111,145,108,146,2
"00505.jpg",105,150,150,167,3
"00506.jpg",89,166,101,123,1
"00506.jpg",112,148,115,149,2
"00506.jpg",103,152,149,168,3
"00506.jpg",152,227,197,225,1
"00506.jpg",170,202,217,247,2
"00507.jpg",82,170,81,118,1
"00507.jpg",110,142,98,143,2
"00507.jpg",104,151,152,170,3
"00508.jpg",88,163,102,127,1
"00508.jpg",114,141,108,146,2
"00508.jpg",103,155,148,171,3
"00509.jpg",85,162,94,127,1
"00509.jpg",115,146,107,149,2
"00509.jpg",112,155,154,169,3
"00510.jpg",99,165,98,129,1
"00510.jpg",112,148,116,155,2
"00510.jpg",98,145,150,174,3
"00511.jpg",99,167,94,126,1
"00511.jpg",117,145,110,147,2
"00511.jpg",104,146,146,168,3
"00511.jpg",169,221,103,124,1
"00511.jpg",182,208,114,143,2
"00511.jpg",182,210,146,161,3
"00512.jpg",100,166,98,120,1
"00512.jpg",118,145,106,143,2
"00512.jpg",108,148,143,162,3
"00513.jpg",73,181,91,122,1
"00513.jpg",102,143,116,167,2
"00513.jpg",95,159,180,199,3
"00514.jpg",87,171,88,128,1
"00514.jpg",107,142,109,146,2
"00514.jpg",101,153,147,171,3
"00515.jpg",82,167,90,125,1
"00515.jpg",115,152,111,150,2
"00515.jpg",111,162,146,166,3
"00516.jpg",89,166,97,125,1
"00516.jpg",111,143,106,154,2
"00516.jpg",103,147,157,175,3
"00517.jpg",91,170,93,127,1
"00517.jpg",110,141,111,152,2
"00517.jpg",105,148,165,182,3
"00518.jpg",82,165,91,124,1
"00518.jpg",110,143,108,147,2
"00518.jpg",99,153,149,178,3
"00519.jpg",82,167,98,124,1
"00519.jpg",113,144,110,156,2
"00519.jpg",106,157,148,168,3
"00520.jpg",89,173,92,127,1
"00520.jpg",108,142,109,151,2
"00520.jpg",99,155,152,173,3
"00521.jpg",94,168,87,119,1
"00521.jpg",110,143,107,146,2
"00521.jpg",108,151,149,169,3
"00522.jpg",84,165,92,124,1
"00522.jpg",112,143,105,137,2
"00522.jpg",106,145,147,166,3
"00523.jpg",79,163,95,121,1
"00523.jpg",111,140,116,149,2
"00523.jpg",103,148,153,177,3
"00524.jpg",84,160,98,127,1
"00524.jpg",111,145,111,146,2
"00524.jpg",107,154,150,176,3
"00525.jpg",90,167,96,121,1
"00525.jpg",112,139,105,142,2
"00525.jpg",104,140,146,164,3
"00526.jpg",92,158,99,125,1
"00526.jpg",121,146,107,145,2
"00526.jpg",116,150,148,169,3
"00527.jpg",84,167,95,123,1
"00527.jpg",110,139,108,145,2
"00527.jpg",106,146,152,170,3
"00528.jpg",82,168,95,126,1
"00528.jpg",105,145,118,158,2
"00528.jpg",88,148,155,188,3
"00528.jpg",183,250,211,246,1
"00529.jpg",92,173,95,124,1
"00529.jpg",117,159,113,148,2
"00529.jpg",106,159,151,169,3
"00530.jpg",83,161,96,122,1
"00530.jpg",110,142,108,144,2
"00530.jpg",92,151,143,161,3
"00531.jpg",91,162,96,121,1
"00531.jpg",111,139,109,140,2
"00531.jpg",107,147,147,168,3
"00531.jpg",3,26,46,74,2
"00531.jpg",4,34,79,92,3
"00532.jpg",90,165,97,126,1
"00532.jpg",114,146,113,148,2
"00532.jpg",106,159,151,175,3
"00533.jpg",88,158,95,126,1
"00533.jpg",111,147,108,152,2
"00533.jpg",106,153,159,185,3
"00534.jpg",86,162,91,124,1
"00534.jpg",113,140,107,148,2
"00534.jpg",104,149,150,168,3
"00535.jpg",91,150,96,126,1
"00535.jpg",116,142,114,147,2
"00535.jpg",108,144,152,171,3
"00535.jpg",201,250,118,142,1
"00535.jpg",226,249,133,165,2
"00535.jpg",209,250,165,190,3
"00536.jpg",83,164,92,127,1
"00536.jpg",117,146,117,153,2
"00536.jpg",108,153,148,169,3
"00537.jpg",84,163,97,128,1
"00537.jpg",111,145,108,142,2
"00537.jpg",108,151,146,168,3
"00538.jpg",82,169,87,123,1
"00538.jpg",109,139,112,148,2
"00538.jpg",104,151,153,174,3
"00539.jpg",92,170,90,125,1
"00539.jpg",108,138,111,149,2
"00539.jpg",96,142,151,171,3
"00540.jpg",84,163,96,129,1
"00540.jpg",114,143,112,149,2
"00540.jpg",110,149,154,174,3
"00541.jpg",85,154,95,128,1
"00541.jpg",115,144,113,143,2
"00541.jpg",106,152,144,161,3
"00542.jpg",87,172,94,124,1
"00542.jpg",115,148,113,153,2
"00542.jpg",110,156,158,176,3
"00543.jpg",77,154,96,124,1
"00543.jpg",98,133,114,147,2
"00543.jpg",92,146,149,165,3
"00544.jpg",89,167,96,127,1
"00544.jpg",113,140,113,147,2
"00544.jpg",108,150,151,167,3
"00545.jpg",86,161,99,124,1
"00545.jpg",99,135,114,143,2
"00545.jpg",96,143,146,168,3
"00546.jpg",89,163,97,125,1
"00546.jpg",116,144,110,148,2
"00546.jpg",107,150,152,174,3
"00547.jpg",93,167,101,127,1
"00547.jpg",113,145,114,146,2
"00547.jpg",106,157,149,169,3
"00548.jpg",89,160,98,126,1
"00548.jpg",109,139,109,148,2
"00548.jpg",98,145,148,164,3
"00549.jpg",89,161,94,123,1
"00549.jpg",113,139,108,146,2
"00549.jpg",108,149,151,168,3
"00550.jpg",90,168,97,120,1
"00550.jpg",110,143,104,142,2
"00550.jpg",104,150,144,165,3
"00551.jpg",89,166,89,120,1
"00551.jpg",110,141,107,146,2
"00551.jpg",106,144,150,168,3
"00552.jpg",89,163,96,128,1
"00552.jpg",116,143,111,142,2
"00552.jpg",108,153,145,165,3
"00553.jpg",86,164,86,123,1
"00553.jpg",110,144,108,146,2
"00553.jpg",104,152,152,168,3
"00553.jpg",196,216,120,140,2
"00553.jpg",188,218,144,155,3
"00553.jpg",3,19,158,182,2
"00553.jpg",2,25,183,197,3
"00554.jpg",87,166,88,123,1
"00554.jpg",117,152,108,143,2
"00554.jpg",111,165,140,168,3
"00555.jpg",92,167,96,126,1
"00555.jpg",108,147,111,148,2
"00555.jpg",101,162,148,169,3
"00556.jpg",89,166,101,124,1
"00556.jpg",109,140,112,153,2
"00556.jpg",105,148,156,177,3
"00557.jpg",86,163,96,125,1
"00557.jpg",109,143,112,148,2
"00557.jpg",109,155,156,170,3
"00557.jpg",181,243,21,41,1
"00557.jpg",197,222,31,62,2
"00557.jpg",189,229,64,78,3
"00557.jpg",5,65,88,110,2
"00557.jpg",26,49,103,134,2
"00557.jpg",21,60,137,149,3
"00558.jpg",92,162,94,124,1
"00558.jpg",113,138,108,141,2
"00558.jpg",105,138,147,170,3
"00559.jpg",87,165,92,122,1
"00559.jpg",112,143,111,147,2
"00559.jpg",108,150,149,164,3
"00560.jpg",90,175,92,129,1
"00560.jpg",104,141,113,156,2
"00560.jpg",95,146,160,189,3
"00561.jpg",85,172,99,123,1
"00561.jpg",108,142,111,146,2
"00561.jpg",104,151,149,172,3
"00562.jpg",95,162,87,126,1
"00562.jpg",111,145,107,148,2
"00562.jpg",108,143,148,170,3
"00563.jpg",85,169,98,126,1
"00563.jpg",109,149,113,154,2
"00563.jpg",106,152,154,171,3
"00564.jpg",93,167,89,132,1
"00564.jpg",118,146,108,146,2
"00564.jpg",102,146,141,161,3
"00564.jpg",196,250,132,163,1
"00564.jpg",216,243,147,179,2
"00564.jpg",205,243,183,222,3
"00565.jpg",87,166,96,127,1
"00565.jpg",108,146,118,151,2
"00565.jpg",106,150,155,172,3
"00566.jpg",90,161,94,122,1
"00566.jpg",113,148,110,147,2
"00566.jpg",109,151,149,169,3
"00567.jpg",90,164,95,125,1
"00567.jpg",111,143,113,151,2
"00567.jpg",112,144,159,179,3
"00568.jpg",80,174,92,126,1
"00568.jpg",107,145,112,150,2
"00568.jpg",96,152,153,188,3
"00569.jpg",90,161,92,125,1
"00569.jpg",102,135,115,151,2
"00569.jpg",107,148,158,175,3
"00570.jpg",90,168,97,123,1
"00570.jpg",108,144,109,143,2
"00570.jpg",107,150,146,173,3
"00571.jpg",93,174,98,127,1
"00571.jpg",109,142,113,150,2
"00571.jpg",100,140,154,180,3
"00572.jpg",89,163,91,122,1
"00572.jpg",108,146,106,148,2
"00572.jpg",109,153,154,170,3
"00573.jpg",88,162,97,125,1
"00573.jpg",111,136,113,141,2
"00573.jpg",107,140,148,161,3
"00574.jpg",113,155,148,164,3
"00574.jpg",117,146,111,145,2
"00575.jpg",92,161,94,129,1
"00575.jpg",112,143,115,152,2
"00575.jpg",115,152,156,174,3
"00576.jpg",90,162,92,130,1
"00576.jpg",115,139,110,145,2
"00576.jpg",106,139,146,167,3
"00577.jpg",86,164,93,123,1
"00577.jpg",108,143,109,142,2
"00577.jpg",100,151,148,166,3
"00578.jpg",95,167,97,123,1
"00578.jpg",110,146,113,144,2
"00578.jpg",109,155,147,177,3
"00579.jpg",83,165,94,124,1
"00579.jpg",108,144,110,149,2
"00579.jpg",103,150,159,174,3
"00580.jpg",101,156,94,119,1
"00580.jpg",123,148,107,133,2
"00580.jpg",118,149,138,155,3
"00581.jpg",83,162,97,123,1
"00581.jpg",110,145,112,148,2
"00581.jpg",103,155,148,165,3
"00581.jpg",168,236,26,52,1
"00581.jpg",183,219,40,70,2
"00581.jpg",182,227,73,90,3
"00582.jpg",93,174,97,126,1
"00582.jpg",117,152,109,150,2
"00582.jpg",115,160,159,177,3
"00583.jpg",92,167,94,125,1
"00583.jpg",110,139,107,144,2
"00583.jpg",99,147,145,173,3
"00584.jpg",87,167,96,124,1
"00584.jpg",111,141,110,153,2
"00584.jpg",106,143,157,182,3
"00585.jpg",90,149,94,123,1
"00585.jpg",98,127,110,147,2
"00585.jpg",98,135,151,172,3
"00586.jpg",82,165,94,122,1
"00586.jpg",108,147,107,145,2
"00586.jpg",105,157,151,172,3
"00587.jpg",86,165,98,126,1
"00587.jpg",113,147,112,148,2
"00587.jpg",101,152,155,178,3
"00588.jpg",91,160,97,124,1
"00588.jpg",111,138,109,145,2
"00588.jpg",106,147,149,163,3
"00589.jpg",80,154,100,127,1
"00589.jpg",112,140,110,143,2
"00589.jpg",106,149,147,166,3
"00590.jpg",94,157,97,123,1
"00590.jpg",113,137,109,146,2
"00590.jpg",107,139,148,180,3
"00591.jpg",90,165,99,124,1
"00591.jpg",113,140,111,150,2
"00591.jpg",104,151,152,168,3
"00592.jpg",88,162,94,125,1
"00592.jpg",111,145,112,149,2
"00592.jpg",112,151,156,172,3
"00593.jpg",88,145,93,129,1
"00593.jpg",116,145,108,143,2
"00593.jpg",116,142,150,167,3
"00593.jpg",166,231,119,151,1
"00593.jpg",181,209,133,169,2
"00593.jpg",176,213,171,188,3
"00594.jpg",88,162,96,120,1
"00594.jpg",107,138,113,145,2
"00594.jpg",103,148,152,169,3
"00595.jpg",81,152,87,128,1
"00595.jpg",112,142,106,143,2
"00595.jpg",111,157,136,169,3
"00596.jpg",87,165,96,131,1
"00596.jpg",112,144,106,150,2
"00596.jpg",96,148,151,171,3
"00597.jpg",106,161,96,121,1
"00597.jpg",124,152,111,147,2
"00597.jpg",107,151,143,162,3
"00598.jpg",85,175,88,117,1
"00598.jpg",113,144,104,149,2
"00598.jpg",105,155,154,174,3
"00599.jpg",86,158,97,122,1
"00599.jpg",108,136,104,145,2
"00599.jpg",107,142,151,164,3
"00599.jpg",200,241,80,103,1
"00599.jpg",212,232,93,113,2
"00599.jpg",210,239,115,125,3
"00599.jpg",1,31,64,88,1
"00599.jpg",11,26,76,99,2
"00599.jpg",6,25,101,111,3
"00600.jpg",87,171,97,123,1
"00600.jpg",112,143,110,146,2
"00600.jpg",107,158,150,172,3
"00601.jpg",83,165,89,122,1
"00601.jpg",108,142,104,149,2
"00601.jpg",100,149,155,172,3
"00601.jpg",209,247,87,124,2
"00601.jpg",200,248,130,154,3
"00602.jpg",96,165,97,118,1
"00602.jpg",108,134,111,146,2
"00602.jpg",104,152,148,164,3
"00603.jpg",97,160,89,126,1
"00603.jpg",112,142,110,146,2
"00603.jpg",103,145,147,167,3
"00604.jpg",92,171,94,124,1
"00604.jpg",106,138,103,143,2
"00604.jpg",97,148,144,166,3
"00605.jpg",90,159,96,119,1
"00605.jpg",108,138,113,144,2
"00605.jpg",108,145,150,174,3
"00606.jpg",89,161,95,123,1
"00606.jpg",110,140,112,146,2
"00606.jpg",104,142,151,165,3
"00607.jpg",90,172,96,121,1
"00607.jpg",112,143,106,143,2
"00607.jpg",107,142,146,161,3
"00608.jpg",86,154,96,126,1
"00608.jpg",105,138,110,149,2
"00608.jpg",105,149,159,172,3
"00609.jpg",86,169,90,122,1
"00609.jpg",117,148,102,143,2
"00609.jpg",114,154,148,167,3
"00610.jpg",85,166,98,127,1
"00610.jpg",107,137,113,147,2
"00610.jpg",95,144,146,173,3
"00611.jpg",91,160,91,129,1
"00611.jpg",97,127,113,143,2
"00611.jpg",90,126,148,169,3
"00612.jpg",92,179,95,130,1
"00612.jpg",105,147,115,153,2
"00612.jpg",94,143,157,183,3
"00613.jpg",85,162,98,127,1
"00613.jpg",109,143,106,146,2
"00613.jpg",97,141,149,177,3
"00614.jpg",86,165,86,117,1
"00614.jpg",108,144,103,146,2
"00614.jpg",105,152,148,165,3
"00615.jpg",88,167,95,124,1
"00615.jpg",115,142,111,145,2
"00615.jpg",113,150,150,164,3
"00615.jpg",12,81,1,20,1
"00615.jpg",39,65,7,37,2
"00615.jpg",177,218,28,46,1
"00615.jpg",192,210,36,58,2
"00615.jpg",191,210,59,72,3
"00616.jpg",89,157,99,125,1
"00616.jpg",117,146,113,148,2
"00616.jpg",105,143,154,173,3
"00617.jpg",83,162,100,127,1
"00617.jpg",110,146,115,153,2
"00617.jpg",103,150,158,187,3
"00618.jpg",93,169,86,128,1
"00618.jpg",115,143,108,148,2
"00618.jpg",108,145,153,171,3
"00619.jpg",85,162,98,122,1
"00619.jpg",108,140,115,146,2
"00619.jpg",100,150,144,167,3
"00620.jpg",86,164,99,122,1
"00620.jpg",111,138,111,145,2
"00620.jpg",103,146,144,160,3
"00621.jpg",91,153,92,126,1
"00621.jpg",116,144,108,146,2
"00621.jpg",116,149,148,164,3
"00622.jpg",91,164,98,126,1
"00622.jpg",115,145,112,144,2
"00622.jpg",111,155,148,165,3
"00623.jpg",85,164,95,125,1
"00623.jpg",112,141,107,143,2
"00623.jpg",104,146,149,164,3
"00624.jpg",105,164,98,124,1
"00624.jpg",133,159,112,144,2
"00624.jpg",127,161,150,164,3
"00625.jpg",80,168,90,122,1
"00625.jpg",108,143,105,146,2
"00625.jpg",101,157,149,171,3
"00626.jpg",88,171,89,122,1
"00626.jpg",115,144,104,146,2
"00626.jpg",105,150,150,167,3
"00627.jpg",85,167,91,122,1
"00627.jpg",107,137,110,149,2
"00627.jpg",92,139,149,177,3
"00628.jpg",90,166,94,124,1
"00628.jpg",109,138,111,146,2
"00628.jpg",99,153,144,166,3
"00629.jpg",87,157,96,125,1
"00629.jpg",114,144,109,150,2
"00629.jpg",113,156,151,170,3
"00630.jpg",86,169,92,125,1
"00630.jpg",110,141,107,149,2
"00630.jpg",92,145,151,170,3
"00631.jpg",93,160,95,129,1
"00631.jpg",106,135,102,148,2
"00631.jpg",91,136,145,166,3
"00632.jpg",91,160,97,123,1
"00632.jpg",111,141,111,145,2
"00632.jpg",102,151,145,168,3
"00633.jpg",88,164,99,127,1
"00633.jpg",113,143,112,143,2
"00633.jpg",108,149,147,170,3
"00634.jpg",90,168,91,128,1
"00634.jpg",107,138,102,151,2
"00634.jpg",96,137,152,173,3
"00635.jpg",88,165,98,126,1
"00635.jpg",113,148,112,150,2
"00635.jpg",112,151,160,176,3
"00635.jpg",179,231,15,34,1
"00635.jpg",188,216,28,60,2
"00635.jpg",200,232,61,74,3
"00636.jpg",90,161,100,125,1
"00636.jpg",113,140,111,146,2
"00636.jpg",111,144,149,166,3
"00637.jpg",91,158,99,128,1
"00637.jpg",111,142,114,152,2
"00637.jpg",102,151,156,174,3
"00638.jpg",88,164,99,128,1
"00638.jpg",112,139,114,151,2
"00638.jpg",107,143,156,172,3
"00638.jpg",31,62,2,31,2
"00638.jpg",23,60,33,53,3
"00639.jpg",83,166,99,124,1
"00639.jpg",107,144,113,152,2
"00640.jpg",90,165,90,124,1
"00640.jpg",109,142,109,144,2
"00640.jpg",103,147,144,167,3
"00641.jpg",91,159,99,128,1
"00641.jpg",112,143,112,143,2
"00641.jpg",98,143,148,168,3
"00641.jpg",173,250,19,46,1
"00641.jpg",201,234,37,68,2
"00641.jpg",198,244,70,85,3
"00642.jpg",109,143,103,142,2
"00642.jpg",97,149,145,166,3
"00643.jpg",87,164,91,115,1
"00643.jpg",116,147,99,133,2
"00643.jpg",106,156,137,162,3
"00644.jpg",90,159,99,125,1
"00644.jpg",111,141,114,148,2
"00644.jpg",104,147,154,170,3
"00645.jpg",88,161,89,121,1
"00645.jpg",113,141,110,148,2
"00645.jpg",110,151,151,166,3
"00646.jpg",99,180,95,131,1
"00646.jpg",105,146,114,156,2
"00646.jpg",99,149,168,187,3
"00647.jpg",97,166,88,127,1
"00647.jpg",109,138,112,147,2
"00647.jpg",97,135,145,171,3
"00648.jpg",84,169,94,125,1
"00648.jpg",108,142,109,149,2
"00648.jpg",105,156,158,179,3
"00649.jpg",77,161,91,129,1
"00649.jpg",113,146,107,150,2
"00649.jpg",117,158,151,174,3
"00650.jpg",87,157,94,119,1
"00650.jpg",106,137,107,145,2
"00650.jpg",99,144,148,162,3
"00651.jpg",93,166,97,127,1
"00651.jpg",114,139,114,150,2
"00651.jpg",102,145,151,168,3
"00652.jpg",88,160,91,122,1
"00652.jpg",114,142,110,147,2
"00652.jpg",109,152,148,167,3
"00653.jpg",86,165,99,127,1
"00653.jpg",111,144,114,150,2
"00653.jpg",105,151,154,169,3
"00653.jpg",5,35,114,154,2
"00653.jpg",1,37,162,183,3
"00654.jpg",93,157,92,122,1
"00654.jpg",106,134,108,144,2
"00654.jpg",101,133,153,172,3
"00655.jpg",90,154,97,127,1
"00655.jpg",113,141,112,144,2
"00655.jpg",100,140,150,171,3
"00655.jpg",12,79,23,53,1
"00655.jpg",33,70,38,74,2
"00655.jpg",25,71,76,102,3
"00655.jpg",179,250,24,66,1
"00655.jpg",210,243,43,85,2
"00655.jpg",211,250,83,109,3
"00656.jpg",86,158,90,122,1
"00656.jpg",116,147,109,151,2
"00656.jpg",111,150,153,177,3
"00657.jpg",92,157,101,125,1
"00657.jpg",109,138,116,146,2
"00657.jpg",108,148,148,164,3
"00658.jpg",89,172,93,126,1
"00658.jpg",112,144,109,148,2
"00658.jpg",103,155,151,173,3
"00658.jpg",1,30,105,138,2
"00658.jpg",2,46,141,159,3
"00659.jpg",93,164,98,124,1
"00659.jpg",114,140,112,148,2
"00659.jpg",117,145,151,171,3
"00660.jpg",83,163,92,124,1
"00660.jpg",108,142,108,146,2
"00660.jpg",100,148,146,169,3
"00661.jpg",87,162,94,130,1
"00661.jpg",115,145,112,153,2
"00661.jpg",103,147,161,176,3
"00662.jpg",88,162,99,125,1
"00662.jpg",112,141,108,149,2
"00662.jpg",101,149,152,173,3
"00662.jpg",4,47,68,131,2
"00662.jpg",1,40,148,177,3
"00663.jpg",93,162,94,126,1
"00663.jpg",115,142,111,145,2
"00663.jpg",109,146,152,168,3
"00664.jpg",92,166,97,127,1
"00664.jpg",112,146,113,149,2
"00664.jpg",108,154,151,167,3
"00665.jpg",90,161,89,126,1
"00665.jpg",111,139,110,143,2
"00665.jpg",104,139,147,173,3
"00666.jpg",88,157,98,124,1
"00666.jpg",110,145,118,151,2
"00666.jpg",109,147,155,174,3
"00667.jpg",87,168,99,126,1
"00667.jpg",110,139,107,155,2
"00667.jpg",105,148,159,181,3
"00668.jpg",94,161,89,123,1
"00668.jpg",110,139,105,142,2
"00668.jpg",108,145,146,168,3
"00669.jpg",86,163,98,129,1
"00669.jpg",110,140,110,146,2
"00669.jpg",103,139,154,175,3
"00670.jpg",89,165,98,127,1
"00670.jpg",113,140,113,147,2
"00670.jpg",111,149,154,173,3
"00671.jpg",82,162,94,127,1
"00671.jpg",108,146,113,152,2
"00671.jpg",110,149,159,182,3
"00672.jpg",99,165,98,122,1
"00672.jpg",119,149,105,146,2
"00672.jpg",110,151,150,164,3
"00673.jpg",87,170,93,127,1
"00673.jpg",109,139,109,143,2
"00673.jpg",111,150,148,172,3
"00674.jpg",89,162,94,125,1
"00674.jpg",114,145,108,144,2
"00674.jpg",112,151,146,168,3
"00675.jpg",109,143,107,143,2
"00675.jpg",103,150,146,162,3
"00676.jpg",90,163,102,123,1
"00676.jpg",113,146,115,154,2
"00676.jpg",108,153,155,171,3
"00677.jpg",86,164,96,123,1
"00677.jpg",112,143,103,148,2
"00677.jpg",105,156,152,162,3
"00678.jpg",85,162,95,124,1
"00678.jpg",113,143,108,151,2
"00678.jpg",107,149,155,182,3
"00679.jpg",89,162,96,129,1
"00679.jpg",108,141,113,150,2
"00679.jpg",102,149,154,168,3
"00680.jpg",83,161,96,126,1
"00680.jpg",112,143,111,147,2
"00680.jpg",110,157,151,168,3
"00681.jpg",86,161,96,129,1
"00681.jpg",113,143,114,144,2
"00681.jpg",105,151,148,169,3
"00682.jpg",89,160,99,131,1
"00682.jpg",111,141,113,148,2
"00682.jpg",98,142,146,169,3
"00683.jpg",77,162,92,121,1
"00683.jpg",112,143,106,149,2
"00683.jpg",103,142,155,168,3
"00684.jpg",81,168,97,121,1
"00684.jpg",106,142,107,146,2
"00684.jpg",99,150,148,173,3
"00685.jpg",90,158,95,120,1
"00685.jpg",110,143,110,143,2
"00685.jpg",104,147,145,159,3
"00686.jpg",90,158,93,124,1
"00686.jpg",112,141,105,141,2
"00686.jpg",108,149,147,162,3
"00687.jpg",91,161,101,126,1
"00687.jpg",112,138,116,147,2
"00687.jpg",103,148,147,166,3
"00688.jpg",85,165,97,129,1
"00688.jpg",110,147,106,152,2
"00688.jpg",97,157,151,177,3
"00689.jpg",87,169,87,121,1
"00689.jpg",95,135,103,145,2
"00689.jpg",92,148,148,177,3
"00690.jpg",88,153,86,126,1
"00690.jpg",113,144,109,144,2
"00690.jpg",106,146,150,174,3
"00691.jpg",83,163,101,128,1
"00691.jpg",114,143,109,148,2
"00691.jpg",111,150,152,171,3
"00692.jpg",90,160,98,129,1
"00692.jpg",111,145,114,152,2
"00692.jpg",106,153,152,171,3
"00692.jpg",166,195,5,41,2
"00692.jpg",163,200,43,63,3
"00693.jpg",88,158,98,122,1
"00693.jpg",109,137,105,142,2
"00693.jpg",98,145,142,159,3
"00694.jpg",89,160,98,126,1
"00694.jpg",118,146,111,145,2
"00694.jpg",103,155,147,170,3
"00694.jpg",195,250,92,119,1
"00694.jpg",208,238,106,138,2
"00694.jpg",200,250,138,170,3
"00695.jpg",99,164,98,125,1
"00695.jpg",111,141,111,145,2
"00695.jpg",111,159,143,164,3
"00696.jpg",83,162,93,127,1
"00696.jpg",118,150,108,145,2
"00696.jpg",107,155,144,171,3
"00697.jpg",89,165,85,134,1
"00697.jpg",103,131,113,155,2
"00697.jpg",98,144,157,187,3
"00698.jpg",74,166,95,127,1
"00698.jpg",112,144,113,152,2
"00698.jpg",109,154,154,173,2
"00699.jpg",87,162,92,121,1
"00699.jpg",110,144,110,145,2
"00699.jpg",103,145,148,166,3
"00700.jpg",93,167,93,126,1
"00700.jpg",108,140,109,150,2
"00700.jpg",105,143,152,171,3
"00701.jpg",76,167,94,127,1
"00701.jpg",109,139,112,146,2
"00701.jpg",106,153,150,171,3
"00702.jpg",87,169,94,126,1
"00702.jpg",108,140,113,143,2
"00702.jpg",101,142,144,160,3
"00703.jpg",91,168,96,131,1
"00703.jpg",118,144,114,152,2
"00703.jpg",109,150,153,172,3
"00704.jpg",84,160,92,128,1
"00704.jpg",99,131,117,149,2
"00704.jpg",100,153,146,169,3
"00704.jpg",22,83,87,111,1
"00704.jpg",42,70,97,130,2
"00704.jpg",32,75,131,149,3
"00705.jpg",84,170,89,125,1
"00705.jpg",111,146,105,149,2
"00705.jpg",109,167,155,177,3
"00706.jpg",86,158,95,131,1
"00706.jpg",111,144,113,145,2
"00706.jpg",101,144,151,175,3
"00707.jpg",85,166,101,130,1
"00707.jpg",110,141,111,146,2
"00707.jpg",102,148,153,168,3
"00708.jpg",92,169,92,120,1
"00708.jpg",108,142,109,148,2
"00708.jpg",105,157,156,176,3
"00709.jpg",83,168,89,122,1
"00709.jpg",109,142,107,151,2
"00709.jpg",108,154,157,176,3
"00710.jpg",89,166,89,127,1
"00710.jpg",108,144,111,146,2
"00710.jpg",98,153,147,169,3
"00711.jpg",95,162,99,127,1
"00711.jpg",113,142,112,146,2
"00711.jpg",109,146,151,171,3
"00712.jpg",91,164,95,122,1
"00712.jpg",117,143,105,146,2
"00712.jpg",106,149,150,168,3
"00713.jpg",95,156,93,122,1
"00713.jpg",115,140,111,143,2
"00713.jpg",107,145,145,158,3
"00714.jpg",88,166,99,126,1
"00714.jpg",110,140,110,144,2
"00714.jpg",99,148,143,163,3
"00715.jpg",87,165,90,123,1
"00715.jpg",108,140,111,149,2
"00715.jpg",106,152,153,179,3
"00716.jpg",89,163,97,121,1
"00716.jpg",110,143,112,153,2
"00716.jpg",105,152,152,169,3
"00717.jpg",88,156,93,118,1
"00717.jpg",112,146,106,142,2
"00717.jpg",106,149,150,167,3
"00718.jpg",87,166,99,128,1
"00718.jpg",109,148,106,149,2
"00718.jpg",107,157,152,174,3
"00719.jpg",91,176,94,128,1
"00719.jpg",123,151,106,154,2
"00719.jpg",105,163,151,178,3
"00720.jpg",89,164,98,129,1
"00720.jpg",112,141,112,151,2
"00720.jpg",104,142,153,173,3
"00721.jpg",84,166,96,127,1
"00721.jpg",103,140,111,149,2
"00721.jpg",98,154,151,173,3
"00721.jpg",204,247,11,31,1
"00721.jpg",214,234,22,45,2
"00721.jpg",212,237,47,58,3
"00722.jpg",85,160,96,126,1
"00722.jpg",111,145,111,150,2
"00722.jpg",106,149,154,173,3
"00723.jpg",85,165,92,122,1
"00723.jpg",110,144,112,144,2
"00723.jpg",105,150,154,171,3
"00723.jpg",195,237,1,19,1
"00723.jpg",201,218,8,31,2
"00723.jpg",200,219,34,46,3
"00724.jpg",89,161,99,127,1
"00724.jpg",112,146,112,152,2
"00724.jpg",109,152,155,174,3
"00725.jpg",84,171,89,125,1
"00725.jpg",107,142,109,160,2
"00725.jpg",101,145,161,184,3
"00726.jpg",90,160,93,121,1
"00726.jpg",111,139,105,141,2
"00726.jpg",109,150,142,166,3
"00727.jpg",85,164,95,126,1
"00727.jpg",114,139,108,149,2
"00727.jpg",101,142,149,169,3
"00728.jpg",82,155,93,126,1
"00728.jpg",119,149,109,142,2
"00728.jpg",113,155,141,161,3
"00728.jpg",12,51,146,164,1
"00728.jpg",19,37,157,179,2
"00728.jpg",20,45,179,191,3
"00729.jpg",82,170,98,126,1
"00729.jpg",112,145,113,148,2
"00729.jpg",107,160,146,168,3
"00730.jpg",88,160,94,127,1
"00730.jpg",109,136,105,145,2
"00730.jpg",99,146,148,163,3
"00731.jpg",85,164,94,119,1
"00731.jpg",118,145,109,145,2
"00731.jpg",113,151,149,167,3
"00732.jpg",88,160,92,125,1
"00732.jpg",102,134,100,148,2
"00732.jpg",103,143,151,174,3
"00733.jpg",85,156,94,128,1
"00733.jpg",113,141,104,146,2
"00733.jpg",100,145,148,165,3
"00734.jpg",80,135,102,128,1
"00734.jpg",90,118,115,153,2
"00734.jpg",106,137,147,163,3
"00735.jpg",86,169,93,127,1
"00735.jpg",117,149,108,155,2
"00735.jpg",120,159,153,173,3
"00736.jpg",83,161,92,127,1
"00736.jpg",110,147,109,142,2
"00736.jpg",101,152,147,173,3
"00736.jpg",178,243,49,76,1
"00736.jpg",185,213,57,96,2
"00736.jpg",177,222,92,121,3
"00737.jpg",116,135,105,129,2
"00737.jpg",108,146,130,152,3
"00737.jpg",182,212,88,102,1
"00737.jpg",185,198,92,113,2
"00737.jpg",184,209,113,124,3
"00738.jpg",90,163,96,124,1
"00738.jpg",109,142,109,145,2
"00738.jpg",99,147,147,168,3
"00739.jpg",82,157,96,129,1
"00739.jpg",113,140,111,145,2
"00739.jpg",107,153,146,173,3
"00740.jpg",88,164,95,126,1
"00740.jpg",104,137,109,151,2
"00740.jpg",99,148,152,168,3
"00741.jpg",93,169,96,125,1
"00741.jpg",112,141,106,148,2
"00741.jpg",111,150,149,168,3
"00742.jpg",92,160,100,131,1
"00742.jpg",114,141,113,148,2
"00742.jpg",109,144,151,169,3
"00743.jpg",85,163,92,125,1
"00743.jpg",110,138,107,145,2
"00743.jpg",101,143,144,162,3
"00744.jpg",90,169,92,126,1
"00744.jpg",111,145,109,148,2
"00744.jpg",100,147,150,175,3
"00745.jpg",90,163,98,124,1
"00745.jpg",114,143,107,142,2
"00745.jpg",111,150,145,163,3
"00746.jpg",89,165,89,129,1
"00746.jpg",106,136,110,145,2
"00746.jpg",99,142,141,171,3
"00747.jpg",87,164,90,124,1
"00747.jpg",106,141,108,146,2
"00747.jpg",106,150,150,171,3
"00748.jpg",84,156,91,125,1
"00748.jpg",112,141,106,142,2
"00748.jpg",102,145,146,167,3
"00749.jpg",91,171,95,128,1
"00749.jpg",112,142,111,152,2
"00749.jpg",107,158,157,180,3
"00750.jpg",83,159,90,128,1
"00750.jpg",114,148,115,152,2
"00750.jpg",103,152,150,177,3
"00750.jpg",203,236,123,167,2
"00750.jpg",181,235,161,192,3
"00751.jpg",75,157,97,123,1
"00751.jpg",112,140,108,146,2
"00751.jpg",103,147,148,168,3
"00751.jpg",219,250,140,167,3
"00752.jpg",87,164,95,130,1
"00752.jpg",110,145,106,148,2
"00752.jpg",96,149,149,175,3
"00753.jpg",80,169,89,119,1
"00753.jpg",108,141,109,149,2
"00753.jpg",101,152,153,174,3
"00754.jpg",93,158,94,133,1
"00754.jpg",119,148,112,151,2
"00754.jpg",106,144,149,174,3
"00755.jpg",86,168,94,129,1
"00755.jpg",111,142,110,152,2
"00755.jpg",105,141,153,177,3
"00756.jpg",90,168,98,125,1
"00756.jpg",107,143,114,150,2
"00756.jpg",108,157,151,171,3
"00757.jpg",94,168,91,127,1
"00757.jpg",121,151,108,148,2
"00757.jpg",107,152,147,167,3
"00758.jpg",84,157,91,121,1
"00758.jpg",113,146,105,146,2
"00758.jpg",111,148,147,169,3
"00759.jpg",106,137,115,148,2
"00759.jpg",114,150,151,167,3
"00760.jpg",86,162,94,128,1
"00760.jpg",111,140,114,144,2
"00760.jpg",102,149,147,171,3
"00761.jpg",87,166,99,129,1
"00761.jpg",108,140,110,149,2
"00761.jpg",102,150,153,175,3
"00762.jpg",86,162,95,126,1
"00762.jpg",113,145,110,148,2
"00762.jpg",104,154,145,165,3
"00763.jpg",87,165,95,126,1
"00763.jpg",106,139,105,148,2
"00763.jpg",103,143,151,173,3
"00764.jpg",81,168,97,123,1
"00764.jpg",110,145,111,143,2
"00764.jpg",104,155,149,164,3
"00765.jpg",77,164,94,125,1
"00765.jpg",117,150,111,146,2
"00765.jpg",103,165,153,169,3
"00766.jpg",89,152,92,123,1
"00766.jpg",116,146,108,142,2
"00766.jpg",105,143,147,167,3
"00767.jpg",88,168,95,126,1
"00767.jpg",109,141,104,144,2
"00767.jpg",108,143,153,172,3
"00768.jpg",87,167,97,121,1
"00768.jpg",108,142,112,148,2
"00768.jpg",106,151,147,167,3
"00769.jpg",97,169,103,136,1
"00769.jpg",118,150,113,158,2
"00769.jpg",106,152,160,179,3
"00770.jpg",90,167,89,127,1
"00770.jpg",102,135,109,146,2
"00770.jpg",100,142,144,172,3
"00771.jpg",90,163,98,122,1
"00771.jpg",109,134,114,141,2
"00771.jpg",101,147,145,162,3
"00772.jpg",91,167,87,131,1
"00772.jpg",105,133,115,152,2
"00772.jpg",96,133,144,169,3
"00773.jpg",88,160,94,122,1
"00773.jpg",110,139,112,144,2
"00773.jpg",111,147,148,164,3
"00774.jpg",89,168,95,124,1
"00774.jpg",117,150,109,149,2
"00774.jpg",111,158,149,169,3
"00775.jpg",95,161,92,124,1
"00775.jpg",113,140,115,151,2
"00775.jpg",109,148,158,174,3
"00776.jpg",91,161,97,126,1
"00776.jpg",128,164,18,36,3
"00777.jpg",92,158,94,124,1
"00777.jpg",106,137,110,150,2
"00777.jpg",102,140,154,176,3
"00778.jpg",89,170,100,123,1
"00778.jpg",112,145,108,149,2
"00778.jpg",107,154,154,172,3
"00779.jpg",87,161,93,127,1
"00779.jpg",107,143,109,149,2
"00779.jpg",95,144,156,173,3
"00780.jpg",95,170,99,122,1
"00780.jpg",117,149,107,149,2
"00780.jpg",108,158,149,170,3
"00781.jpg",85,163,93,125,1
"00781.jpg",109,141,109,147,2
"00781.jpg",94,145,144,171,3
"00782.jpg",83,171,100,123,1
"00782.jpg",113,148,111,154,2
"00782.jpg",105,154,158,175,3
"00782.jpg",1,28,152,176,2
"00783.jpg",87,169,93,127,1
"00783.jpg",110,142,112,150,2
"00783.jpg",109,158,159,177,3
"00783.jpg",199,235,74,125,2
"00783.jpg",210,244,138,161,3
"00784.jpg",74,159,98,128,1
"00784.jpg",111,149,109,148,2
"00784.jpg",98,154,156,172,3
"00785.jpg",82,166,97,126,1
"00785.jpg",112,141,112,148,2
"00785.jpg",109,147,154,177,3
"00786.jpg",89,155,96,123,1
"00786.jpg",103,134,116,145,2
"00786.jpg",98,140,147,166,3
"00787.jpg",85,168,85,117,1
"00787.jpg",116,145,101,143,2
"00787.jpg",110,143,146,164,3
"00788.jpg",90,171,88,127,1
"00788.jpg",106,136,110,149,2
"00788.jpg",95,143,144,172,3
"00789.jpg",93,151,98,123,1
"00789.jpg",117,138,110,142,2
"00789.jpg",115,144,142,158,3
"00790.jpg",85,137,95,121,1
"00790.jpg",100,123,113,141,2
"00790.jpg",100,135,144,157,3
"00791.jpg",93,164,95,131,1
"00791.jpg",116,144,115,146,2
"00791.jpg",102,143,152,174,3
"00792.jpg",91,165,88,123,1
"00792.jpg",108,140,105,144,2
"00792.jpg",101,146,147,167,3
"00793.jpg",95,165,100,128,1
"00793.jpg",121,147,114,148,2
"00793.jpg",113,151,155,174,3
"00794.jpg",84,166,92,124,1
"00794.jpg",101,137,109,148,2
"00794.jpg",99,153,152,175,3
"00795.jpg",90,162,97,132,1
"00795.jpg",114,144,113,151,2
"00795.jpg",101,139,154,181,3
"00796.jpg",91,155,89,135,1
"00796.jpg",112,147,110,154,2
"00796.jpg",101,145,152,176,3
"00796.jpg",167,247,77,110,1
"00796.jpg",200,231,94,129,2
"00796.jpg",188,241,132,153,3
"00797.jpg",88,171,97,127,1
"00797.jpg",110,141,110,145,2
"00797.jpg",105,149,150,175,3
"00798.jpg",99,159,88,123,1
"00798.jpg",117,140,111,144,2
"00798.jpg",103,140,148,167,3
"00799.jpg",76,163,97,126,1
"00799.jpg",108,143,114,149,2
"00799.jpg",107,155,153,172,3
"00800.jpg",87,160,96,124,1
"00800.jpg",113,143,106,146,2
"00800.jpg",111,153,150,193,3
"00801.jpg",88,163,94,122,1
"00801.jpg",106,145,110,148,2
"00801.jpg",105,151,151,172,3
"00802.jpg",88,166,95,126,1
"00802.jpg",106,138,106,149,2
"00802.jpg",105,146,155,172,3
"00803.jpg",83,160,95,124,1
"00803.jpg",113,141,112,148,2
"00803.jpg",106,153,149,165,3
"00804.jpg",87,173,99,123,1
"00804.jpg",112,142,111,154,2
"00804.jpg",112,149,159,174,3
"00805.jpg",91,155,97,123,1
"00805.jpg",121,152,106,144,2
"00805.jpg",106,150,146,162,3
"00806.jpg",89,163,98,126,1
"00806.jpg",111,143,113,149,2
"00806.jpg",105,156,150,171,3
"00807.jpg",93,165,98,122,1
"00807.jpg",113,141,110,149,2
"00807.jpg",107,154,152,169,3
"00808.jpg",93,161,98,126,1
"00808.jpg",118,148,108,145,2
"00808.jpg",115,152,150,167,3
"00808.jpg",199,243,133,149,1
"00808.jpg",213,229,140,163,2
"00808.jpg",209,233,165,176,3
"00809.jpg",89,162,93,119,1
"00809.jpg",109,142,104,142,2
"00809.jpg",111,151,148,171,3
"00810.jpg",88,171,99,130,1
"00810.jpg",112,146,111,155,2
"00810.jpg",106,159,158,182,3
"00811.jpg",90,170,88,121,1
"00811.jpg",107,140,105,141,2
"00811.jpg",105,149,142,166,3
"00812.jpg",92,159,96,126,1
"00812.jpg",110,148,109,141,2
"00812.jpg",108,148,149,170,3
"00813.jpg",91,163,90,121,1
"00813.jpg",105,130,104,143,2
"00813.jpg",101,145,148,167,3
"00814.jpg",86,160,93,121,1
"00814.jpg",118,148,110,144,2
"00814.jpg",107,145,147,166,3
"00815.jpg",92,154,98,124,1
"00815.jpg",117,144,113,144,2
"00815.jpg",117,153,148,166,3
"00816.jpg",82,170,96,125,1
"00816.jpg",110,139,115,151,2
"00816.jpg",102,145,154,173,3
"00817.jpg",82,171,97,129,1
"00817.jpg",103,148,113,151,2
"00817.jpg",97,152,155,185,3
"00818.jpg",86,170,87,117,1
"00818.jpg",107,146,106,143,2
"00818.jpg",107,153,146,166,3
"00819.jpg",84,159,93,121,1
"00819.jpg",105,133,107,144,2
"00819.jpg",100,140,147,168,3
"00820.jpg",90,167,98,126,1
"00820.jpg",110,141,111,146,2
"00820.jpg",102,149,149,170,3
"00821.jpg",90,169,91,126,1
"00821.jpg",116,147,109,150,2
"00821.jpg",114,162,152,169,3
"00822.jpg",84,160,96,126,1
"00822.jpg",108,139,109,151,2
"00822.jpg",107,152,155,173,3
"00823.jpg",91,162,84,110,1
"00823.jpg",109,147,98,134,2
"00823.jpg",100,154,138,160,3
"00824.jpg",97,179,99,126,1
"00824.jpg",122,160,112,151,2
"00824.jpg",116,165,155,172,3
"00825.jpg",90,167,90,124,1
"00825.jpg",107,141,104,148,2
"00825.jpg",99,137,150,173,3
"00826.jpg",86,167,97,125,1
"00826.jpg",111,140,110,152,2
"00826.jpg",104,155,152,177,3
"00827.jpg",99,157,87,130,1
"00827.jpg",116,142,107,146,2
"00827.jpg",105,135,148,170,3
"00828.jpg",90,161,96,122,1
"00828.jpg",116,145,112,145,2
"00828.jpg",107,151,145,161,3
"00829.jpg",93,160,99,122,1
"00829.jpg",112,139,110,142,2
"00829.jpg",111,149,146,159,3
"00830.jpg",88,164,89,120,1
"00830.jpg",110,140,105,140,2
"00830.jpg",107,152,147,165,3
"00831.jpg",90,159,95,124,1
"00831.jpg",98,125,107,144,2
"00831.jpg",92,131,147,171,3
"00832.jpg",92,161,86,120,1
"00832.jpg",120,143,103,138,2
"00832.jpg",108,149,143,165,3
"00833.jpg",86,168,89,117,1
"00833.jpg",108,140,108,148,2
"00833.jpg",106,150,150,166,3
"00834.jpg",89,159,99,126,1
"00834.jpg",115,144,112,148,2
"00834.jpg",103,148,150,167,3
"00835.jpg",89,162,98,124,1
"00835.jpg",111,141,114,147,2
"00835.jpg",108,150,155,177,3
"00836.jpg",89,161,97,125,1
"00836.jpg",110,138,116,149,2
"00836.jpg",95,137,151,174,3
"00837.jpg",90,166,97,118,1
"00837.jpg",112,141,104,143,2
"00837.jpg",110,150,148,165,3
"00838.jpg",89,159,96,121,1
"00838.jpg",113,145,111,144,2
"00838.jpg",102,145,146,163,3
"00839.jpg",87,165,98,127,1
"00839.jpg",112,140,106,146,2
"00839.jpg",105,145,152,169,3
"00839.jpg",3,73,145,175,1
"00839.jpg",30,59,158,200,2
"00839.jpg",21,60,207,225,3
"00840.jpg",80,165,93,122,1
"00840.jpg",108,141,112,149,2
"00840.jpg",106,154,152,169,3
"00841.jpg",91,163,97,123,1
"00841.jpg",112,142,110,150,2
"00841.jpg",104,149,155,169,3
"00842.jpg",89,168,95,126,1
"00842.jpg",111,143,113,150,2
"00842.jpg",101,150,152,174,3
"00843.jpg",90,168,98,128,1
"00843.jpg",113,145,113,149,2
"00843.jpg",112,157,155,175,3
"00844.jpg",93,167,94,120,1
"00844.jpg",115,146,105,143,2
"00844.jpg",103,155,148,164,3
"00845.jpg",87,165,97,124,1
"00845.jpg",109,136,110,146,2
"00845.jpg",99,143,145,166,3
"00846.jpg",92,168,95,127,1
"00846.jpg",111,143,110,147,2
"00846.jpg",104,152,153,172,3
"00847.jpg",93,166,97,121,1
"00847.jpg",106,141,113,148,2
"00847.jpg",110,157,149,166,3
"00848.jpg",91,160,95,125,1
"00848.jpg",117,146,111,147,2
"00848.jpg",114,158,151,166,3
"00849.jpg",91,156,100,125,1
"00849.jpg",114,143,113,149,2
"00849.jpg",113,146,153,174,3
"00850.jpg",92,163,95,126,1
"00850.jpg",115,143,112,146,2
"00850.jpg",109,144,149,170,3
"00851.jpg",90,167,92,126,1
"00851.jpg",110,142,102,149,2
"00851.jpg",104,141,151,174,3
"00852.jpg",92,162,95,127,1
"00852.jpg",112,138,110,148,2
"00852.jpg",103,140,150,166,3
"00853.jpg",82,170,96,129,1
"00853.jpg",105,142,102,151,2
"00853.jpg",98,154,154,181,3
"00854.jpg",89,162,99,128,1
"00854.jpg",109,139,116,148,2
"00854.jpg",100,146,149,168,3
"00855.jpg",88,162,95,121,1
"00855.jpg",112,142,111,146,2
"00855.jpg",110,152,150,168,3
"00856.jpg",82,168,94,123,1
"00856.jpg",104,142,113,150,2
"00856.jpg",104,159,149,174,3
"00857.jpg",84,166,97,126,1
"00857.jpg",111,140,109,149,2
"00857.jpg",107,144,152,169,3
"00858.jpg",81,161,92,123,1
"00858.jpg",108,143,108,146,2
"00858.jpg",101,149,148,167,3
"00859.jpg",83,166,88,126,1
"00859.jpg",110,145,109,146,2
"00859.jpg",111,162,151,176,3
"00860.jpg",102,157,94,130,1
"00860.jpg",114,136,114,144,2
"00860.jpg",100,132,143,164,3
"00861.jpg",81,178,92,125,1
"00861.jpg",107,147,108,160,2
"00861.jpg",108,163,162,186,3
"00862.jpg",85,167,93,124,1
"00862.jpg",108,144,108,144,2
"00862.jpg",101,150,148,165,3
"00863.jpg",90,165,95,130,1
"00863.jpg",110,138,114,150,2
"00863.jpg",104,146,152,170,3
"00864.jpg",92,161,86,122,1
"00864.jpg",117,149,111,145,2
"00864.jpg",113,152,148,168,3
"00865.jpg",86,163,94,122,1
"00865.jpg",113,144,106,145,2
"00865.jpg",103,151,149,167,3
"00866.jpg",82,163,95,124,1
"00866.jpg",106,143,114,150,2
"00866.jpg",103,150,158,179,3
"00867.jpg",93,164,99,122,1
"00867.jpg",102,136,111,148,2
"00867.jpg",105,144,151,167,3
"00868.jpg",87,160,91,121,1
"00868.jpg",117,146,108,144,2
"00868.jpg",103,150,145,169,3
"00869.jpg",89,159,88,121,1
"00869.jpg",110,145,111,147,2
"00869.jpg",115,160,144,165,3
"00870.jpg",92,166,89,122,1
"00870.jpg",109,142,107,144,2
"00870.jpg",102,152,143,166,3
"00871.jpg",77,163,96,129,1
"00871.jpg",112,150,106,147,2
"00871.jpg",111,157,149,170,3
"00872.jpg",92,159,98,122,1
"00872.jpg",113,139,111,145,2
"00872.jpg",110,141,150,168,3
"00873.jpg",91,165,96,125,1
"00873.jpg",114,146,111,151,2
"00873.jpg",113,153,155,178,3
"00874.jpg",89,158,98,123,1
"00874.jpg",114,144,112,147,2
"00874.jpg",111,153,152,168,3
"00875.jpg",90,159,96,126,1
"00875.jpg",107,137,113,147,2
"00875.jpg",104,148,149,175,3
"00876.jpg",80,157,92,125,1
"00876.jpg",111,143,109,149,2
"00876.jpg",109,147,152,172,3
"00877.jpg",96,169,92,125,1
"00877.jpg",114,142,109,142,2
"00877.jpg",105,142,146,168,3
"00878.jpg",172,250,108,145,1
"00878.jpg",187,223,124,173,2
"00878.jpg",183,229,175,196,3
"00878.jpg",110,142,111,146,2
"00878.jpg",107,151,148,168,3
"00879.jpg",90,160,99,122,1
"00879.jpg",113,140,114,146,2
"00879.jpg",109,152,149,166,3
"00880.jpg",82,165,99,127,1
"00880.jpg",103,140,109,151,2
"00880.jpg",97,152,149,169,3
"00881.jpg",94,164,92,123,1
"00881.jpg",104,135,113,152,2
"00881.jpg",101,144,157,178,3
"00882.jpg",88,162,100,130,1
"00882.jpg",116,144,110,147,2
"00882.jpg",111,152,148,166,3
"00883.jpg",90,163,97,127,1
"00883.jpg",108,139,106,145,2
"00883.jpg",104,149,149,171,3
"00884.jpg",94,159,97,126,1
"00884.jpg",120,148,111,144,2
"00884.jpg",110,150,146,166,3
"00884.jpg",178,235,97,132,1
"00884.jpg",195,219,109,147,2
"00884.jpg",180,213,145,168,3
"00885.jpg",79,165,97,126,1
"00885.jpg",109,145,107,145,2
"00885.jpg",103,146,148,169,3
"00886.jpg",93,167,94,126,1
"00886.jpg",105,140,110,148,2
"00886.jpg",96,145,154,169,3
"00887.jpg",90,164,89,127,1
"00887.jpg",109,141,110,146,2
"00887.jpg",101,137,149,174,3
"00888.jpg",88,160,99,128,1
"00888.jpg",112,143,114,145,2
"00888.jpg",109,151,146,163,3
"00889.jpg",93,158,92,123,1
"00889.jpg",113,140,110,144,2
"00889.jpg",108,149,147,178,3
"00890.jpg",96,159,100,122,1
"00890.jpg",119,151,111,150,2
"00890.jpg",113,149,154,177,3
"00891.jpg",85,167,96,124,1
"00891.jpg",108,143,114,146,2
"00891.jpg",105,155,150,167,3
"00892.jpg",93,165,90,130,1
"00892.jpg",110,138,108,141,2
"00892.jpg",103,143,144,164,3
"00893.jpg",89,155,89,124,1
"00893.jpg",112,141,112,146,2
"00893.jpg",112,153,149,166,3
"00894.jpg",85,165,89,118,1
"00894.jpg",106,139,106,146,2
"00894.jpg",105,148,151,172,3
"00895.jpg",87,163,87,119,1
"00895.jpg",102,142,103,138,2
"00895.jpg",97,148,140,166,3
"00896.jpg",78,164,92,123,1
"00896.jpg",109,142,111,148,2
"00896.jpg",107,157,153,173,3
"00897.jpg",81,162,96,128,1
"00897.jpg",116,146,106,141,2
"00897.jpg",114,157,148,166,3
"00898.jpg",82,161,93,127,1
"00898.jpg",109,141,111,144,2
"00898.jpg",100,159,144,174,3
"00898.jpg",1,78,71,109,1
"00898.jpg",25,61,91,132,2
"00898.jpg",4,64,129,169,3
"00899.jpg",88,161,94,131,1
"00899.jpg",113,145,113,149,2
"00899.jpg",114,154,154,172,3
"00900.jpg",86,169,95,123,1
"00900.jpg",110,145,114,151,2
"00900.jpg",111,159,160,175,3
"00901.jpg",71,180,89,127,1
"00901.jpg",103,151,105,150,2
"00901.jpg",88,159,153,188,3
"00902.jpg",89,168,94,123,1
"00902.jpg",104,139,109,147,2
"00902.jpg",99,152,153,174,3
"00903.jpg",83,169,93,118,1
"00903.jpg",108,143,112,153,2
"00903.jpg",105,151,155,169,3
"00903.jpg",15,82,91,113,1
"00903.jpg",32,67,107,138,2
"00903.jpg",33,72,141,155,3
"00904.jpg",95,165,98,128,1
"00904.jpg",111,142,116,144,2
"00904.jpg",109,151,145,159,3
"00905.jpg",98,163,99,127,1
"00905.jpg",106,136,116,148,2
"00905.jpg",111,145,151,168,3
"00906.jpg",90,162,88,123,1
"00906.jpg",110,143,111,146,2
"00906.jpg",103,146,149,171,3
"00907.jpg",84,166,94,124,1
"00907.jpg",113,146,108,150,2
"00907.jpg",106,152,154,169,3
"00908.jpg",89,158,83,124,1
"00908.jpg",117,146,107,149,2
"00908.jpg",117,154,154,174,3
"00909.jpg",87,164,91,120,1
"00909.jpg",117,154,108,146,2
"00909.jpg",104,155,147,173,3
"00910.jpg",87,166,95,126,1
"00910.jpg",108,143,107,147,2
"00910.jpg",98,156,150,175,3
"00911.jpg",82,168,94,126,1
"00911.jpg",105,140,106,155,2
"00911.jpg",90,154,158,182,3
"00912.jpg",86,163,91,125,1
"00912.jpg",117,145,108,137,2
"00912.jpg",107,158,136,162,3
"00913.jpg",92,160,94,126,1
"00913.jpg",113,147,103,151,2
"00913.jpg",98,148,154,175,3
"00914.jpg",92,163,95,128,1
"00914.jpg",116,145,111,148,2
"00914.jpg",103,150,147,170,3
"00915.jpg",82,166,92,122,1
"00915.jpg",112,145,107,151,2
"00915.jpg",107,149,154,170,3
"00916.jpg",90,175,94,128,1
"00916.jpg",105,143,109,154,2
"00916.jpg",106,154,163,181,3
"00917.jpg",88,166,95,130,1
"00917.jpg",107,145,111,153,2
"00917.jpg",89,146,151,180,3
"00918.jpg",96,150,89,124,1
"00918.jpg",100,133,112,152,2
"00918.jpg",111,154,154,182,3
"00918.jpg",1,68,84,118,1
"00918.jpg",16,48,100,136,2
"00918.jpg",9,51,140,157,3
"00919.jpg",86,160,98,125,1
"00919.jpg",114,143,110,150,2
"00919.jpg",101,151,155,178,3
"00920.jpg",83,169,95,124,1
"00920.jpg",112,144,106,148,2
"00920.jpg",106,153,146,160,3
"00921.jpg",83,167,93,120,1
"00921.jpg",111,144,107,145,2
"00921.jpg",108,152,149,167,3
"00922.jpg",86,171,93,119,1
"00922.jpg",108,147,112,155,2
"00922.jpg",104,164,150,177,3
"00923.jpg",75,161,86,126,1
"00923.jpg",108,145,103,153,2
"00923.jpg",87,142,158,185,3
"00924.jpg",92,162,92,125,1
"00924.jpg",108,140,108,146,2
"00924.jpg",99,145,139,166,3
"00925.jpg",76,173,88,132,1
"00925.jpg",117,152,109,150,2
"00925.jpg",112,155,151,174,3
"00926.jpg",86,162,89,127,1
"00926.jpg",113,145,105,148,2
"00926.jpg",116,148,154,174,3
"00927.jpg",90,165,97,124,1
"00927.jpg",110,144,111,148,2
"00927.jpg",105,150,157,181,3
"00928.jpg",91,157,89,125,1
"00928.jpg",113,143,109,143,2
"00928.jpg",103,145,145,169,3
"00929.jpg",94,161,94,126,1
"00929.jpg",114,141,103,147,2
"00929.jpg",107,142,151,167,3
"00930.jpg",93,161,97,124,1
"00930.jpg",109,139,111,148,2
"00930.jpg",108,148,153,171,3
"00931.jpg",14,65,180,199,1
"00931.jpg",32,56,187,216,2
"00931.jpg",28,64,218,233,3
"00931.jpg",106,135,151,170,3
"00931.jpg",97,127,113,145,2
"00932.jpg",96,157,94,131,1
"00932.jpg",108,133,109,148,2
"00932.jpg",94,135,146,173,3
"00933.jpg",89,162,99,121,1
"00933.jpg",114,142,109,146,2
"00933.jpg",109,147,145,164,3
"00934.jpg",83,162,93,120,1
"00934.jpg",107,141,108,147,2
"00934.jpg",99,151,147,163,3
"00935.jpg",92,161,101,121,1
"00935.jpg",114,144,108,149,2
"00935.jpg",111,149,153,169,3
"00936.jpg",90,164,93,127,1
"00936.jpg",117,148,106,146,2
"00936.jpg",98,150,147,171,3
"00937.jpg",89,162,95,127,1
"00937.jpg",114,148,108,139,2
"00937.jpg",113,161,140,175,3
"00938.jpg",81,166,91,129,1
"00938.jpg",108,145,105,149,2
"00938.jpg",98,140,151,171,3
"00939.jpg",86,162,98,125,1
"00939.jpg",112,145,106,145,2
"00939.jpg",108,150,149,173,3
"00940.jpg",97,156,92,127,1
"00940.jpg",111,138,101,151,2
"00940.jpg",102,142,147,165,3
"00941.jpg",84,170,96,130,1
"00941.jpg",115,147,111,148,2
"00941.jpg",108,154,158,176,3
"00942.jpg",82,160,98,126,1
"00942.jpg",112,147,110,141,2
"00942.jpg",111,152,148,166,3
"00943.jpg",90,166,99,125,1
"00943.jpg",111,144,115,149,2
"00943.jpg",103,147,151,177,3
"00944.jpg",90,158,93,125,1
"00944.jpg",111,141,108,147,2
"00944.jpg",102,138,147,172,3
"00945.jpg",87,165,90,126,1
"00945.jpg",112,147,110,148,2
"00945.jpg",113,159,159,182,3
"00946.jpg",87,164,88,123,1
"00946.jpg",113,151,103,147,2
"00946.jpg",112,161,147,168,3
"00947.jpg",95,154,94,120,1
"00947.jpg",115,138,105,138,2
"00947.jpg",110,145,140,159,3
"00948.jpg",84,163,88,122,1
"00948.jpg",120,152,106,146,2
"00948.jpg",111,159,146,165,3
"00948.jpg",226,250,65,104,2
"00948.jpg",215,250,104,120,3
"00949.jpg",94,166,86,126,1
"00949.jpg",106,136,106,148,2
"00949.jpg",92,134,149,172,3
"00950.jpg",88,165,92,132,2
"00950.jpg",100,132,109,148,2
"00950.jpg",90,135,145,174,3
"00951.jpg",84,163,96,124,1
"00951.jpg",109,140,109,150,2
"00951.jpg",109,154,157,172,3
"00952.jpg",83,165,92,127,1
"00952.jpg",112,142,106,148,2
"00952.jpg",107,147,154,174,3
"00953.jpg",83,166,96,122,1
"00953.jpg",112,143,107,145,2
"00953.jpg",106,151,150,168,3
"00954.jpg",100,162,92,127,1
"00954.jpg",117,148,108,147,2
"00954.jpg",106,145,151,170,3
"00955.jpg",92,158,95,124,1
"00955.jpg",112,144,110,141,2
"00955.jpg",107,157,144,158,3
"00956.jpg",95,163,99,124,1
"00956.jpg",113,144,112,147,2
"00956.jpg",109,151,149,164,3
"00957.jpg",89,164,91,124,1
"00957.jpg",110,141,104,144,2
"00957.jpg",101,145,148,167,3
"00958.jpg",88,166,98,123,1
"00958.jpg",113,146,107,147,2
"00958.jpg",110,155,153,170,3
"00959.jpg",91,157,95,125,1
"00959.jpg",118,145,111,144,2
"00959.jpg",116,151,146,164,3
"00960.jpg",91,168,95,124,1
"00960.jpg",116,149,115,148,2
"00960.jpg",108,155,146,168,3
"00961.jpg",90,168,93,120,1
"00961.jpg",111,141,108,148,2
"00961.jpg",106,146,150,167,3
"00962.jpg",90,163,98,122,1
"00962.jpg",110,144,103,144,2
"00962.jpg",105,147,146,163,3
"00963.jpg",83,163,92,124,1
"00963.jpg",114,146,105,146,2
"00963.jpg",111,152,149,167,3
"00964.jpg",88,163,96,127,1
"00964.jpg",109,141,113,150,2
"00964.jpg",97,145,149,174,3
"00965.jpg",91,164,89,128,1
"00965.jpg",106,137,108,143,2
"00965.jpg",93,142,137,165,3
"00966.jpg",84,163,97,131,1
"00966.jpg",105,145,109,146,2
"00966.jpg",102,146,153,172,3
"00967.jpg",88,163,96,124,1
"00967.jpg",112,140,107,144,2
"00967.jpg",105,146,148,167,3
"00968.jpg",79,168,93,126,1
"00968.jpg",103,142,108,154,2
"00968.jpg",91,146,154,176,3
"00969.jpg",81,158,90,125,1
"00969.jpg",117,147,107,141,2
"00969.jpg",107,159,139,169,3
"00970.jpg",88,161,95,125,1
"00970.jpg",111,142,109,146,2
"00970.jpg",102,153,148,164,3
"00971.jpg",89,167,100,127,1
"00971.jpg",111,145,104,145,2
"00971.jpg",103,153,150,171,3
"00972.jpg",79,126,101,127,1
"00972.jpg",94,116,116,147,2
"00972.jpg",101,132,147,162,3
"00973.jpg",87,159,95,126,1
"00973.jpg",115,145,111,151,2
"00973.jpg",117,155,154,172,3
"00974.jpg",90,161,90,126,1
"00974.jpg",112,141,108,151,2
"00974.jpg",107,150,155,173,3
"00975.jpg",92,162,107,133,1
"00975.jpg",113,144,117,148,2
"00975.jpg",104,156,150,165,3
"00976.jpg",89,160,91,127,1
"00976.jpg",112,143,113,149,2
"00976.jpg",101,145,154,178,3
"00977.jpg",92,167,95,122,1
"00977.jpg",109,140,105,144,2
"00977.jpg",105,150,148,168,3
"00978.jpg",64,155,84,123,1
"00978.jpg",101,137,102,146,2
"00978.jpg",99,149,153,172,3
"00979.jpg",96,161,92,127,1
"00979.jpg",112,141,105,149,2
"00979.jpg",100,143,151,172,3
"00979.jpg",167,207,131,147,1
"00979.jpg",178,195,138,156,2
"00979.jpg",178,198,158,168,3
"00980.jpg",97,163,93,126,1
"00980.jpg",107,138,106,140,2
"00980.jpg",101,135,148,171,3
"00981.jpg",78,167,92,126,1
"00981.jpg",114,143,113,148,2
"00981.jpg",103,151,154,174,3
"00982.jpg",80,165,96,126,1
"00982.jpg",113,145,111,147,2
"00982.jpg",110,152,154,172,3
"00983.jpg",83,159,96,125,1
"00983.jpg",112,141,107,143,2
"00983.jpg",109,148,145,164,3
"00984.jpg",88,163,97,124,1
"00984.jpg",110,146,113,149,2
"00984.jpg",108,153,155,174,3
"00985.jpg",88,159,95,126,2
"00985.jpg",111,144,111,146,2
"00985.jpg",107,150,153,171,3
"00986.jpg",88,170,92,127,1
"00986.jpg",108,140,104,146,2
"00986.jpg",96,145,149,175,3
"00987.jpg",114,161,148,165,3
"00987.jpg",117,144,104,143,2
"00987.jpg",90,161,93,126,1
"00988.jpg",98,160,97,125,1
"00988.jpg",116,142,118,143,2
"00988.jpg",108,140,148,167,3
"00989.jpg",94,169,97,129,1
"00989.jpg",110,142,109,151,2
"00989.jpg",113,152,156,175,3
"00990.jpg",80,151,89,129,1
"00990.jpg",120,152,105,147,2
"00990.jpg",110,154,145,180,3
"00991.jpg",94,162,99,122,1
"00991.jpg",112,142,109,146,2
"00991.jpg",111,148,151,167,3
"00992.jpg",87,156,95,131,1
"00992.jpg",108,139,110,152,2
"00992.jpg",100,136,155,176,3
"00993.jpg",79,156,89,123,1
"00993.jpg",108,143,99,142,2
"00993.jpg",103,156,141,163,3
"00994.jpg",93,160,95,122,1
"00994.jpg",107,136,106,145,2
"00994.jpg",106,143,149,165,3
"00995.jpg",93,164,97,127,1
"00995.jpg",110,140,104,148,2
"00995.jpg",104,138,154,178,3
"00996.jpg",83,162,94,128,1
"00996.jpg",112,144,107,149,2
"00996.jpg",106,154,154,173,3
"00997.jpg",82,162,92,127,1
"00997.jpg",110,141,109,150,2
"00997.jpg",112,154,155,171,3
"00998.jpg",86,166,96,126,1
"00998.jpg",111,142,109,151,2
"00998.jpg",104,155,148,167,3
"00999.jpg",86,166,91,128,1
"00999.jpg",108,140,112,151,2
"00999.jpg",104,148,156,172,3
"01000.jpg",87,161,96,126,1
"01000.jpg",115,145,108,146,2
"01000.jpg",103,153,145,164,3
